=== norm_isRun30_isBs21 ===

200000 entries to be processed...
3940000 entries to be processed...
                         : Booking "BDTG" of type "CrossValidation" from BDT_run2/weights/TMVACrossValidation_BDTG.weights.xml.
                         : Reading weight file: BDT_run2/weights/TMVACrossValidation_BDTG.weights.xml
<HEADER> DataSetInfo              : [Default] : Added class "Signal"
<HEADER> DataSetInfo              : [Default] : Added class "Background"
                         : Reading weightfile: BDT_run2/weights/TMVACrossValidation_BDTG_fold1.weights.xml
                         : Reading weight file: BDT_run2/weights/TMVACrossValidation_BDTG_fold1.weights.xml
                         : Reading weightfile: BDT_run2/weights/TMVACrossValidation_BDTG_fold2.weights.xml
                         : Reading weight file: BDT_run2/weights/TMVACrossValidation_BDTG_fold2.weights.xml
                         : Reading weightfile: BDT_run2/weights/TMVACrossValidation_BDTG_fold3.weights.xml
                         : Reading weight file: BDT_run2/weights/TMVACrossValidation_BDTG_fold3.weights.xml
                         : Reading weightfile: BDT_run2/weights/TMVACrossValidation_BDTG_fold4.weights.xml
                         : Reading weight file: BDT_run2/weights/TMVACrossValidation_BDTG_fold4.weights.xml
                         : Reading weightfile: BDT_run2/weights/TMVACrossValidation_BDTG_fold5.weights.xml
                         : Reading weight file: BDT_run2/weights/TMVACrossValidation_BDTG_fold5.weights.xml
                         : Booked classifier "BDTG" of type: "CrossValidation"
                         : Booking "BDTG" of type "CrossValidation" from BDT_run3/weights/TMVACrossValidation_BDTG.weights.xml.
                         : Reading weight file: BDT_run3/weights/TMVACrossValidation_BDTG.weights.xml
<HEADER> DataSetInfo              : [Default] : Added class "Signal"
<HEADER> DataSetInfo              : [Default] : Added class "Background"
                         : Reading weightfile: BDT_run3/weights/TMVACrossValidation_BDTG_fold1.weights.xml
                         : Reading weight file: BDT_run3/weights/TMVACrossValidation_BDTG_fold1.weights.xml
                         : Reading weightfile: BDT_run3/weights/TMVACrossValidation_BDTG_fold2.weights.xml
                         : Reading weight file: BDT_run3/weights/TMVACrossValidation_BDTG_fold2.weights.xml
                         : Reading weightfile: BDT_run3/weights/TMVACrossValidation_BDTG_fold3.weights.xml
                         : Reading weight file: BDT_run3/weights/TMVACrossValidation_BDTG_fold3.weights.xml
                         : Reading weightfile: BDT_run3/weights/TMVACrossValidation_BDTG_fold4.weights.xml
                         : Reading weight file: BDT_run3/weights/TMVACrossValidation_BDTG_fold4.weights.xml
                         : Reading weightfile: BDT_run3/weights/TMVACrossValidation_BDTG_fold5.weights.xml
                         : Reading weight file: BDT_run3/weights/TMVACrossValidation_BDTG_fold5.weights.xml
                         : Booked classifier "BDTG" of type: "CrossValidation"
207600 entries to be processed...
                         : Rebuilding Dataset Default
 Fiducial: 23246.23, 9668.44
Filter(1): 6430.00, 2731.94
Filter(2): 1444789.38, 618564.12
  anaCode: 55362.69, 23504.99
   presel: 15078.15, 6325.59
   trigWt: 12124.72, 5113.65
     PuWt: 12213.46, 5163.51
   muIDWt: 12410.52, 5246.36
recoCorWt: 12282.48, 5110.22
      BDT: 11554.53, 4812.33
   trigSF: 10795.99, 4478.47
=== norm_isRun30_isBs20 ===

100000 entries to be processed...
1140000 entries to be processed...
                         : Booking "BDTG" of type "CrossValidation" from BDT_run2/weights/TMVACrossValidation_BDTG.weights.xml.
                         : Reading weight file: BDT_run2/weights/TMVACrossValidation_BDTG.weights.xml
<HEADER> DataSetInfo              : [Default] : Added class "Signal"
<HEADER> DataSetInfo              : [Default] : Added class "Background"
                         : Reading weightfile: BDT_run2/weights/TMVACrossValidation_BDTG_fold1.weights.xml
                         : Reading weight file: BDT_run2/weights/TMVACrossValidation_BDTG_fold1.weights.xml
                         : Reading weightfile: BDT_run2/weights/TMVACrossValidation_BDTG_fold2.weights.xml
                         : Reading weight file: BDT_run2/weights/TMVACrossValidation_BDTG_fold2.weights.xml
                         : Reading weightfile: BDT_run2/weights/TMVACrossValidation_BDTG_fold3.weights.xml
                         : Reading weight file: BDT_run2/weights/TMVACrossValidation_BDTG_fold3.weights.xml
                         : Reading weightfile: BDT_run2/weights/TMVACrossValidation_BDTG_fold4.weights.xml
                         : Reading weight file: BDT_run2/weights/TMVACrossValidation_BDTG_fold4.weights.xml
                         : Reading weightfile: BDT_run2/weights/TMVACrossValidation_BDTG_fold5.weights.xml
                         : Reading weight file: BDT_run2/weights/TMVACrossValidation_BDTG_fold5.weights.xml
                         : Booked classifier "BDTG" of type: "CrossValidation"
                         : Booking "BDTG" of type "CrossValidation" from BDT_run3/weights/TMVACrossValidation_BDTG.weights.xml.
                         : Reading weight file: BDT_run3/weights/TMVACrossValidation_BDTG.weights.xml
<HEADER> DataSetInfo              : [Default] : Added class "Signal"
<HEADER> DataSetInfo              : [Default] : Added class "Background"
                         : Reading weightfile: BDT_run3/weights/TMVACrossValidation_BDTG_fold1.weights.xml
                         : Reading weight file: BDT_run3/weights/TMVACrossValidation_BDTG_fold1.weights.xml
                         : Reading weightfile: BDT_run3/weights/TMVACrossValidation_BDTG_fold2.weights.xml
                         : Reading weight file: BDT_run3/weights/TMVACrossValidation_BDTG_fold2.weights.xml
                         : Reading weightfile: BDT_run3/weights/TMVACrossValidation_BDTG_fold3.weights.xml
                         : Reading weight file: BDT_run3/weights/TMVACrossValidation_BDTG_fold3.weights.xml
                         : Reading weightfile: BDT_run3/weights/TMVACrossValidation_BDTG_fold4.weights.xml
                         : Reading weight file: BDT_run3/weights/TMVACrossValidation_BDTG_fold4.weights.xml
                         : Reading weightfile: BDT_run3/weights/TMVACrossValidation_BDTG_fold5.weights.xml
                         : Reading weight file: BDT_run3/weights/TMVACrossValidation_BDTG_fold5.weights.xml
                         : Booked classifier "BDTG" of type: "CrossValidation"
59543 entries to be processed...
                         : Rebuilding Dataset Default
 Fiducial: 16565.37
Filter(1): 4574.00
Filter(2): 598129.38
  anaCode: 22286.43
   presel: 5906.50
   trigWt: 4825.25
     PuWt: 4878.75
   muIDWt: 4954.27
recoCorWt: 4788.83
      BDT: 4509.02
   trigSF: 4232.24
[norm] isRun3=0  eps2/eps1=0.41648859797845517  eps3/eps1=0.39023828749416895
=== norm_isRun31_isBs21 ===

200000 entries to be processed...
5020000 entries to be processed...
                         : Booking "BDTG" of type "CrossValidation" from BDT_run2/weights/TMVACrossValidation_BDTG.weights.xml.
                         : Reading weight file: BDT_run2/weights/TMVACrossValidation_BDTG.weights.xml
<HEADER> DataSetInfo              : [Default] : Added class "Signal"
<HEADER> DataSetInfo              : [Default] : Added class "Background"
                         : Reading weightfile: BDT_run2/weights/TMVACrossValidation_BDTG_fold1.weights.xml
                         : Reading weight file: BDT_run2/weights/TMVACrossValidation_BDTG_fold1.weights.xml
                         : Reading weightfile: BDT_run2/weights/TMVACrossValidation_BDTG_fold2.weights.xml
                         : Reading weight file: BDT_run2/weights/TMVACrossValidation_BDTG_fold2.weights.xml
                         : Reading weightfile: BDT_run2/weights/TMVACrossValidation_BDTG_fold3.weights.xml
                         : Reading weight file: BDT_run2/weights/TMVACrossValidation_BDTG_fold3.weights.xml
                         : Reading weightfile: BDT_run2/weights/TMVACrossValidation_BDTG_fold4.weights.xml
                         : Reading weight file: BDT_run2/weights/TMVACrossValidation_BDTG_fold4.weights.xml
                         : Reading weightfile: BDT_run2/weights/TMVACrossValidation_BDTG_fold5.weights.xml
                         : Reading weight file: BDT_run2/weights/TMVACrossValidation_BDTG_fold5.weights.xml
                         : Booked classifier "BDTG" of type: "CrossValidation"
                         : Booking "BDTG" of type "CrossValidation" from BDT_run3/weights/TMVACrossValidation_BDTG.weights.xml.
                         : Reading weight file: BDT_run3/weights/TMVACrossValidation_BDTG.weights.xml
<HEADER> DataSetInfo              : [Default] : Added class "Signal"
<HEADER> DataSetInfo              : [Default] : Added class "Background"
                         : Reading weightfile: BDT_run3/weights/TMVACrossValidation_BDTG_fold1.weights.xml
                         : Reading weight file: BDT_run3/weights/TMVACrossValidation_BDTG_fold1.weights.xml
                         : Reading weightfile: BDT_run3/weights/TMVACrossValidation_BDTG_fold2.weights.xml
                         : Reading weight file: BDT_run3/weights/TMVACrossValidation_BDTG_fold2.weights.xml
                         : Reading weightfile: BDT_run3/weights/TMVACrossValidation_BDTG_fold3.weights.xml
                         : Reading weight file: BDT_run3/weights/TMVACrossValidation_BDTG_fold3.weights.xml
                         : Reading weightfile: BDT_run3/weights/TMVACrossValidation_BDTG_fold4.weights.xml
                         : Reading weight file: BDT_run3/weights/TMVACrossValidation_BDTG_fold4.weights.xml
                         : Reading weightfile: BDT_run3/weights/TMVACrossValidation_BDTG_fold5.weights.xml
                         : Reading weight file: BDT_run3/weights/TMVACrossValidation_BDTG_fold5.weights.xml
                         : Booked classifier "BDTG" of type: "CrossValidation"
254288 entries to be processed...
                         : Rebuilding Dataset Default
 Fiducial: 23610.89, 10232.54
Filter(1): 6805.84, 2863.12
Filter(2): 1935445.88, 828212.44
  anaCode: 74937.45, 32265.78
   presel: 17903.83, 7649.59
   trigWt: 15042.90, 6430.44
     PuWt: 15188.91, 6472.78
   muIDWt: 14930.07, 6360.95
recoCorWt: 15249.76, 6555.68
      BDT: 14410.96, 6155.64
   trigSF: 14349.88, 6136.41
=== norm_isRun31_isBs20 ===

100000 entries to be processed...
1440000 entries to be processed...
                         : Booking "BDTG" of type "CrossValidation" from BDT_run2/weights/TMVACrossValidation_BDTG.weights.xml.
                         : Reading weight file: BDT_run2/weights/TMVACrossValidation_BDTG.weights.xml
<HEADER> DataSetInfo              : [Default] : Added class "Signal"
<HEADER> DataSetInfo              : [Default] : Added class "Background"
                         : Reading weightfile: BDT_run2/weights/TMVACrossValidation_BDTG_fold1.weights.xml
                         : Reading weight file: BDT_run2/weights/TMVACrossValidation_BDTG_fold1.weights.xml
                         : Reading weightfile: BDT_run2/weights/TMVACrossValidation_BDTG_fold2.weights.xml
                         : Reading weight file: BDT_run2/weights/TMVACrossValidation_BDTG_fold2.weights.xml
                         : Reading weightfile: BDT_run2/weights/TMVACrossValidation_BDTG_fold3.weights.xml
                         : Reading weight file: BDT_run2/weights/TMVACrossValidation_BDTG_fold3.weights.xml
                         : Reading weightfile: BDT_run2/weights/TMVACrossValidation_BDTG_fold4.weights.xml
                         : Reading weight file: BDT_run2/weights/TMVACrossValidation_BDTG_fold4.weights.xml
                         : Reading weightfile: BDT_run2/weights/TMVACrossValidation_BDTG_fold5.weights.xml
                         : Reading weight file: BDT_run2/weights/TMVACrossValidation_BDTG_fold5.weights.xml
                         : Booked classifier "BDTG" of type: "CrossValidation"
                         : Booking "BDTG" of type "CrossValidation" from BDT_run3/weights/TMVACrossValidation_BDTG.weights.xml.
                         : Reading weight file: BDT_run3/weights/TMVACrossValidation_BDTG.weights.xml
<HEADER> DataSetInfo              : [Default] : Added class "Signal"
<HEADER> DataSetInfo              : [Default] : Added class "Background"
                         : Reading weightfile: BDT_run3/weights/TMVACrossValidation_BDTG_fold1.weights.xml
                         : Reading weight file: BDT_run3/weights/TMVACrossValidation_BDTG_fold1.weights.xml
                         : Reading weightfile: BDT_run3/weights/TMVACrossValidation_BDTG_fold2.weights.xml
                         : Reading weight file: BDT_run3/weights/TMVACrossValidation_BDTG_fold2.weights.xml
                         : Reading weightfile: BDT_run3/weights/TMVACrossValidation_BDTG_fold3.weights.xml
                         : Reading weight file: BDT_run3/weights/TMVACrossValidation_BDTG_fold3.weights.xml
                         : Reading weightfile: BDT_run3/weights/TMVACrossValidation_BDTG_fold4.weights.xml
                         : Reading weight file: BDT_run3/weights/TMVACrossValidation_BDTG_fold4.weights.xml
                         : Reading weightfile: BDT_run3/weights/TMVACrossValidation_BDTG_fold5.weights.xml
                         : Reading weight file: BDT_run3/weights/TMVACrossValidation_BDTG_fold5.weights.xml
                         : Booked classifier "BDTG" of type: "CrossValidation"
72974 entries to be processed...
                         : Rebuilding Dataset Default
 Fiducial: 16615.79
Filter(1): 4867.88
Filter(2): 792907.12
  anaCode: 30322.86
   presel: 7234.55
   trigWt: 6106.08
     PuWt: 6259.63
   muIDWt: 6153.99
recoCorWt: 6374.10
      BDT: 5957.23
   trigSF: 5950.33
[norm] isRun3=1  eps2/eps1=0.4271498914714912  eps3/eps1=0.41338189822190885
=== pu_up_isRun30_isBs21 ===

200000 entries to be processed...
3940000 entries to be processed...
                         : Booking "BDTG" of type "CrossValidation" from BDT_run2/weights/TMVACrossValidation_BDTG.weights.xml.
                         : Reading weight file: BDT_run2/weights/TMVACrossValidation_BDTG.weights.xml
<HEADER> DataSetInfo              : [Default] : Added class "Signal"
<HEADER> DataSetInfo              : [Default] : Added class "Background"
                         : Reading weightfile: BDT_run2/weights/TMVACrossValidation_BDTG_fold1.weights.xml
                         : Reading weight file: BDT_run2/weights/TMVACrossValidation_BDTG_fold1.weights.xml
                         : Reading weightfile: BDT_run2/weights/TMVACrossValidation_BDTG_fold2.weights.xml
                         : Reading weight file: BDT_run2/weights/TMVACrossValidation_BDTG_fold2.weights.xml
                         : Reading weightfile: BDT_run2/weights/TMVACrossValidation_BDTG_fold3.weights.xml
                         : Reading weight file: BDT_run2/weights/TMVACrossValidation_BDTG_fold3.weights.xml
                         : Reading weightfile: BDT_run2/weights/TMVACrossValidation_BDTG_fold4.weights.xml
                         : Reading weight file: BDT_run2/weights/TMVACrossValidation_BDTG_fold4.weights.xml
                         : Reading weightfile: BDT_run2/weights/TMVACrossValidation_BDTG_fold5.weights.xml
                         : Reading weight file: BDT_run2/weights/TMVACrossValidation_BDTG_fold5.weights.xml
                         : Booked classifier "BDTG" of type: "CrossValidation"
                         : Booking "BDTG" of type "CrossValidation" from BDT_run3/weights/TMVACrossValidation_BDTG.weights.xml.
                         : Reading weight file: BDT_run3/weights/TMVACrossValidation_BDTG.weights.xml
<HEADER> DataSetInfo              : [Default] : Added class "Signal"
<HEADER> DataSetInfo              : [Default] : Added class "Background"
                         : Reading weightfile: BDT_run3/weights/TMVACrossValidation_BDTG_fold1.weights.xml
                         : Reading weight file: BDT_run3/weights/TMVACrossValidation_BDTG_fold1.weights.xml
                         : Reading weightfile: BDT_run3/weights/TMVACrossValidation_BDTG_fold2.weights.xml
                         : Reading weight file: BDT_run3/weights/TMVACrossValidation_BDTG_fold2.weights.xml
                         : Reading weightfile: BDT_run3/weights/TMVACrossValidation_BDTG_fold3.weights.xml
                         : Reading weight file: BDT_run3/weights/TMVACrossValidation_BDTG_fold3.weights.xml
                         : Reading weightfile: BDT_run3/weights/TMVACrossValidation_BDTG_fold4.weights.xml
                         : Reading weight file: BDT_run3/weights/TMVACrossValidation_BDTG_fold4.weights.xml
                         : Reading weightfile: BDT_run3/weights/TMVACrossValidation_BDTG_fold5.weights.xml
                         : Reading weight file: BDT_run3/weights/TMVACrossValidation_BDTG_fold5.weights.xml
                         : Booked classifier "BDTG" of type: "CrossValidation"
207600 entries to be processed...
                         : Rebuilding Dataset Default
 Fiducial: 23246.23, 9668.44
Filter(1): 6430.00, 2731.94
Filter(2): 1444789.38, 618564.12
  anaCode: 55362.69, 23504.99
   presel: 15078.15, 6325.59
   trigWt: 12124.72, 5113.65
     PuWt: 12151.60, 5119.37
   muIDWt: 12348.94, 5202.96
recoCorWt: 12261.47, 5086.37
      BDT: 11533.94, 4790.14
   trigSF: 10760.02, 4450.23
=== pu_up_isRun30_isBs20 ===

100000 entries to be processed...
1140000 entries to be processed...
                         : Booking "BDTG" of type "CrossValidation" from BDT_run2/weights/TMVACrossValidation_BDTG.weights.xml.
                         : Reading weight file: BDT_run2/weights/TMVACrossValidation_BDTG.weights.xml
<HEADER> DataSetInfo              : [Default] : Added class "Signal"
<HEADER> DataSetInfo              : [Default] : Added class "Background"
                         : Reading weightfile: BDT_run2/weights/TMVACrossValidation_BDTG_fold1.weights.xml
                         : Reading weight file: BDT_run2/weights/TMVACrossValidation_BDTG_fold1.weights.xml
                         : Reading weightfile: BDT_run2/weights/TMVACrossValidation_BDTG_fold2.weights.xml
                         : Reading weight file: BDT_run2/weights/TMVACrossValidation_BDTG_fold2.weights.xml
                         : Reading weightfile: BDT_run2/weights/TMVACrossValidation_BDTG_fold3.weights.xml
                         : Reading weight file: BDT_run2/weights/TMVACrossValidation_BDTG_fold3.weights.xml
                         : Reading weightfile: BDT_run2/weights/TMVACrossValidation_BDTG_fold4.weights.xml
                         : Reading weight file: BDT_run2/weights/TMVACrossValidation_BDTG_fold4.weights.xml
                         : Reading weightfile: BDT_run2/weights/TMVACrossValidation_BDTG_fold5.weights.xml
                         : Reading weight file: BDT_run2/weights/TMVACrossValidation_BDTG_fold5.weights.xml
                         : Booked classifier "BDTG" of type: "CrossValidation"
                         : Booking "BDTG" of type "CrossValidation" from BDT_run3/weights/TMVACrossValidation_BDTG.weights.xml.
                         : Reading weight file: BDT_run3/weights/TMVACrossValidation_BDTG.weights.xml
<HEADER> DataSetInfo              : [Default] : Added class "Signal"
<HEADER> DataSetInfo              : [Default] : Added class "Background"
                         : Reading weightfile: BDT_run3/weights/TMVACrossValidation_BDTG_fold1.weights.xml
                         : Reading weight file: BDT_run3/weights/TMVACrossValidation_BDTG_fold1.weights.xml
                         : Reading weightfile: BDT_run3/weights/TMVACrossValidation_BDTG_fold2.weights.xml
                         : Reading weight file: BDT_run3/weights/TMVACrossValidation_BDTG_fold2.weights.xml
                         : Reading weightfile: BDT_run3/weights/TMVACrossValidation_BDTG_fold3.weights.xml
                         : Reading weight file: BDT_run3/weights/TMVACrossValidation_BDTG_fold3.weights.xml
                         : Reading weightfile: BDT_run3/weights/TMVACrossValidation_BDTG_fold4.weights.xml
                         : Reading weight file: BDT_run3/weights/TMVACrossValidation_BDTG_fold4.weights.xml
                         : Reading weightfile: BDT_run3/weights/TMVACrossValidation_BDTG_fold5.weights.xml
                         : Reading weight file: BDT_run3/weights/TMVACrossValidation_BDTG_fold5.weights.xml
                         : Booked classifier "BDTG" of type: "CrossValidation"
59543 entries to be processed...
                         : Rebuilding Dataset Default
 Fiducial: 16565.37
Filter(1): 4574.00
Filter(2): 598129.38
  anaCode: 22286.43
   presel: 5906.50
   trigWt: 4825.25
     PuWt: 4819.21
   muIDWt: 4894.08
recoCorWt: 4751.47
      BDT: 4475.77
   trigSF: 4198.27
=== pu_dn_isRun30_isBs21 ===

200000 entries to be processed...
3940000 entries to be processed...
                         : Booking "BDTG" of type "CrossValidation" from BDT_run2/weights/TMVACrossValidation_BDTG.weights.xml.
                         : Reading weight file: BDT_run2/weights/TMVACrossValidation_BDTG.weights.xml
<HEADER> DataSetInfo              : [Default] : Added class "Signal"
<HEADER> DataSetInfo              : [Default] : Added class "Background"
                         : Reading weightfile: BDT_run2/weights/TMVACrossValidation_BDTG_fold1.weights.xml
                         : Reading weight file: BDT_run2/weights/TMVACrossValidation_BDTG_fold1.weights.xml
                         : Reading weightfile: BDT_run2/weights/TMVACrossValidation_BDTG_fold2.weights.xml
                         : Reading weight file: BDT_run2/weights/TMVACrossValidation_BDTG_fold2.weights.xml
                         : Reading weightfile: BDT_run2/weights/TMVACrossValidation_BDTG_fold3.weights.xml
                         : Reading weight file: BDT_run2/weights/TMVACrossValidation_BDTG_fold3.weights.xml
                         : Reading weightfile: BDT_run2/weights/TMVACrossValidation_BDTG_fold4.weights.xml
                         : Reading weight file: BDT_run2/weights/TMVACrossValidation_BDTG_fold4.weights.xml
                         : Reading weightfile: BDT_run2/weights/TMVACrossValidation_BDTG_fold5.weights.xml
                         : Reading weight file: BDT_run2/weights/TMVACrossValidation_BDTG_fold5.weights.xml
                         : Booked classifier "BDTG" of type: "CrossValidation"
                         : Booking "BDTG" of type "CrossValidation" from BDT_run3/weights/TMVACrossValidation_BDTG.weights.xml.
                         : Reading weight file: BDT_run3/weights/TMVACrossValidation_BDTG.weights.xml
<HEADER> DataSetInfo              : [Default] : Added class "Signal"
<HEADER> DataSetInfo              : [Default] : Added class "Background"
                         : Reading weightfile: BDT_run3/weights/TMVACrossValidation_BDTG_fold1.weights.xml
                         : Reading weight file: BDT_run3/weights/TMVACrossValidation_BDTG_fold1.weights.xml
                         : Reading weightfile: BDT_run3/weights/TMVACrossValidation_BDTG_fold2.weights.xml
                         : Reading weight file: BDT_run3/weights/TMVACrossValidation_BDTG_fold2.weights.xml
                         : Reading weightfile: BDT_run3/weights/TMVACrossValidation_BDTG_fold3.weights.xml
                         : Reading weight file: BDT_run3/weights/TMVACrossValidation_BDTG_fold3.weights.xml
                         : Reading weightfile: BDT_run3/weights/TMVACrossValidation_BDTG_fold4.weights.xml
                         : Reading weight file: BDT_run3/weights/TMVACrossValidation_BDTG_fold4.weights.xml
                         : Reading weightfile: BDT_run3/weights/TMVACrossValidation_BDTG_fold5.weights.xml
                         : Reading weight file: BDT_run3/weights/TMVACrossValidation_BDTG_fold5.weights.xml
                         : Booked classifier "BDTG" of type: "CrossValidation"
207600 entries to be processed...
                         : Rebuilding Dataset Default
 Fiducial: 23246.23, 9668.44
Filter(1): 6430.00, 2731.94
Filter(2): 1444789.38, 618564.12
  anaCode: 55362.69, 23504.99
   presel: 15078.15, 6325.59
   trigWt: 12124.72, 5113.65
     PuWt: 12267.63, 5201.37
   muIDWt: 12464.03, 5284.05
recoCorWt: 12298.41, 5130.96
      BDT: 11571.33, 4831.99
   trigSF: 10832.83, 4504.50
=== pu_dn_isRun30_isBs20 ===

100000 entries to be processed...
1140000 entries to be processed...
                         : Booking "BDTG" of type "CrossValidation" from BDT_run2/weights/TMVACrossValidation_BDTG.weights.xml.
                         : Reading weight file: BDT_run2/weights/TMVACrossValidation_BDTG.weights.xml
<HEADER> DataSetInfo              : [Default] : Added class "Signal"
<HEADER> DataSetInfo              : [Default] : Added class "Background"
                         : Reading weightfile: BDT_run2/weights/TMVACrossValidation_BDTG_fold1.weights.xml
                         : Reading weight file: BDT_run2/weights/TMVACrossValidation_BDTG_fold1.weights.xml
                         : Reading weightfile: BDT_run2/weights/TMVACrossValidation_BDTG_fold2.weights.xml
                         : Reading weight file: BDT_run2/weights/TMVACrossValidation_BDTG_fold2.weights.xml
                         : Reading weightfile: BDT_run2/weights/TMVACrossValidation_BDTG_fold3.weights.xml
                         : Reading weight file: BDT_run2/weights/TMVACrossValidation_BDTG_fold3.weights.xml
                         : Reading weightfile: BDT_run2/weights/TMVACrossValidation_BDTG_fold4.weights.xml
                         : Reading weight file: BDT_run2/weights/TMVACrossValidation_BDTG_fold4.weights.xml
                         : Reading weightfile: BDT_run2/weights/TMVACrossValidation_BDTG_fold5.weights.xml
                         : Reading weight file: BDT_run2/weights/TMVACrossValidation_BDTG_fold5.weights.xml
                         : Booked classifier "BDTG" of type: "CrossValidation"
                         : Booking "BDTG" of type "CrossValidation" from BDT_run3/weights/TMVACrossValidation_BDTG.weights.xml.
                         : Reading weight file: BDT_run3/weights/TMVACrossValidation_BDTG.weights.xml
<HEADER> DataSetInfo              : [Default] : Added class "Signal"
<HEADER> DataSetInfo              : [Default] : Added class "Background"
                         : Reading weightfile: BDT_run3/weights/TMVACrossValidation_BDTG_fold1.weights.xml
                         : Reading weight file: BDT_run3/weights/TMVACrossValidation_BDTG_fold1.weights.xml
                         : Reading weightfile: BDT_run3/weights/TMVACrossValidation_BDTG_fold2.weights.xml
                         : Reading weight file: BDT_run3/weights/TMVACrossValidation_BDTG_fold2.weights.xml
                         : Reading weightfile: BDT_run3/weights/TMVACrossValidation_BDTG_fold3.weights.xml
                         : Reading weight file: BDT_run3/weights/TMVACrossValidation_BDTG_fold3.weights.xml
                         : Reading weightfile: BDT_run3/weights/TMVACrossValidation_BDTG_fold4.weights.xml
                         : Reading weight file: BDT_run3/weights/TMVACrossValidation_BDTG_fold4.weights.xml
                         : Reading weightfile: BDT_run3/weights/TMVACrossValidation_BDTG_fold5.weights.xml
                         : Reading weight file: BDT_run3/weights/TMVACrossValidation_BDTG_fold5.weights.xml
                         : Booked classifier "BDTG" of type: "CrossValidation"
59543 entries to be processed...
                         : Rebuilding Dataset Default
 Fiducial: 16565.37
Filter(1): 4574.00
Filter(2): 598129.38
  anaCode: 22286.43
   presel: 5906.50
   trigWt: 4825.25
     PuWt: 4927.67
   muIDWt: 5003.68
recoCorWt: 4814.35
      BDT: 4532.88
   trigSF: 4259.18
[Pileup] isRun3=0
  norm  eps2/eps1=0.41648859797845517  eps3/eps1=0.39023828749416895
  up    eps2/eps1=0.4153082121113861  eps3/eps1=0.3880521313618764
  down  eps2/eps1=0.417582939904056  eps3/eps1=0.3917337073612109
  rel   eps2/eps1=-0.283%/+0.263%  eps3/eps1=-0.560%/+0.383%
=== pu_up_isRun31_isBs21 ===

200000 entries to be processed...
5020000 entries to be processed...
                         : Booking "BDTG" of type "CrossValidation" from BDT_run2/weights/TMVACrossValidation_BDTG.weights.xml.
                         : Reading weight file: BDT_run2/weights/TMVACrossValidation_BDTG.weights.xml
<HEADER> DataSetInfo              : [Default] : Added class "Signal"
<HEADER> DataSetInfo              : [Default] : Added class "Background"
                         : Reading weightfile: BDT_run2/weights/TMVACrossValidation_BDTG_fold1.weights.xml
                         : Reading weight file: BDT_run2/weights/TMVACrossValidation_BDTG_fold1.weights.xml
                         : Reading weightfile: BDT_run2/weights/TMVACrossValidation_BDTG_fold2.weights.xml
                         : Reading weight file: BDT_run2/weights/TMVACrossValidation_BDTG_fold2.weights.xml
                         : Reading weightfile: BDT_run2/weights/TMVACrossValidation_BDTG_fold3.weights.xml
                         : Reading weight file: BDT_run2/weights/TMVACrossValidation_BDTG_fold3.weights.xml
                         : Reading weightfile: BDT_run2/weights/TMVACrossValidation_BDTG_fold4.weights.xml
                         : Reading weight file: BDT_run2/weights/TMVACrossValidation_BDTG_fold4.weights.xml
                         : Reading weightfile: BDT_run2/weights/TMVACrossValidation_BDTG_fold5.weights.xml
                         : Reading weight file: BDT_run2/weights/TMVACrossValidation_BDTG_fold5.weights.xml
                         : Booked classifier "BDTG" of type: "CrossValidation"
                         : Booking "BDTG" of type "CrossValidation" from BDT_run3/weights/TMVACrossValidation_BDTG.weights.xml.
                         : Reading weight file: BDT_run3/weights/TMVACrossValidation_BDTG.weights.xml
<HEADER> DataSetInfo              : [Default] : Added class "Signal"
<HEADER> DataSetInfo              : [Default] : Added class "Background"
                         : Reading weightfile: BDT_run3/weights/TMVACrossValidation_BDTG_fold1.weights.xml
                         : Reading weight file: BDT_run3/weights/TMVACrossValidation_BDTG_fold1.weights.xml
                         : Reading weightfile: BDT_run3/weights/TMVACrossValidation_BDTG_fold2.weights.xml
                         : Reading weight file: BDT_run3/weights/TMVACrossValidation_BDTG_fold2.weights.xml
                         : Reading weightfile: BDT_run3/weights/TMVACrossValidation_BDTG_fold3.weights.xml
                         : Reading weight file: BDT_run3/weights/TMVACrossValidation_BDTG_fold3.weights.xml
                         : Reading weightfile: BDT_run3/weights/TMVACrossValidation_BDTG_fold4.weights.xml
                         : Reading weight file: BDT_run3/weights/TMVACrossValidation_BDTG_fold4.weights.xml
                         : Reading weightfile: BDT_run3/weights/TMVACrossValidation_BDTG_fold5.weights.xml
                         : Reading weight file: BDT_run3/weights/TMVACrossValidation_BDTG_fold5.weights.xml
                         : Booked classifier "BDTG" of type: "CrossValidation"
254288 entries to be processed...
                         : Rebuilding Dataset Default
 Fiducial: 23610.89, 10232.54
Filter(1): 6805.84, 2863.12
Filter(2): 1935445.88, 828212.44
  anaCode: 74937.45, 32265.78
   presel: 17903.83, 7649.59
   trigWt: 15042.90, 6430.44
     PuWt: 15090.29, 6374.54
   muIDWt: 14833.15, 6264.63
recoCorWt: 15199.40, 6495.84
      BDT: 14347.75, 6117.75
   trigSF: 14287.47, 6099.03
=== pu_up_isRun31_isBs20 ===

100000 entries to be processed...
1440000 entries to be processed...
                         : Booking "BDTG" of type "CrossValidation" from BDT_run2/weights/TMVACrossValidation_BDTG.weights.xml.
                         : Reading weight file: BDT_run2/weights/TMVACrossValidation_BDTG.weights.xml
<HEADER> DataSetInfo              : [Default] : Added class "Signal"
<HEADER> DataSetInfo              : [Default] : Added class "Background"
                         : Reading weightfile: BDT_run2/weights/TMVACrossValidation_BDTG_fold1.weights.xml
                         : Reading weight file: BDT_run2/weights/TMVACrossValidation_BDTG_fold1.weights.xml
                         : Reading weightfile: BDT_run2/weights/TMVACrossValidation_BDTG_fold2.weights.xml
                         : Reading weight file: BDT_run2/weights/TMVACrossValidation_BDTG_fold2.weights.xml
                         : Reading weightfile: BDT_run2/weights/TMVACrossValidation_BDTG_fold3.weights.xml
                         : Reading weight file: BDT_run2/weights/TMVACrossValidation_BDTG_fold3.weights.xml
                         : Reading weightfile: BDT_run2/weights/TMVACrossValidation_BDTG_fold4.weights.xml
                         : Reading weight file: BDT_run2/weights/TMVACrossValidation_BDTG_fold4.weights.xml
                         : Reading weightfile: BDT_run2/weights/TMVACrossValidation_BDTG_fold5.weights.xml
                         : Reading weight file: BDT_run2/weights/TMVACrossValidation_BDTG_fold5.weights.xml
                         : Booked classifier "BDTG" of type: "CrossValidation"
                         : Booking "BDTG" of type "CrossValidation" from BDT_run3/weights/TMVACrossValidation_BDTG.weights.xml.
                         : Reading weight file: BDT_run3/weights/TMVACrossValidation_BDTG.weights.xml
<HEADER> DataSetInfo              : [Default] : Added class "Signal"
<HEADER> DataSetInfo              : [Default] : Added class "Background"
                         : Reading weightfile: BDT_run3/weights/TMVACrossValidation_BDTG_fold1.weights.xml
                         : Reading weight file: BDT_run3/weights/TMVACrossValidation_BDTG_fold1.weights.xml
                         : Reading weightfile: BDT_run3/weights/TMVACrossValidation_BDTG_fold2.weights.xml
                         : Reading weight file: BDT_run3/weights/TMVACrossValidation_BDTG_fold2.weights.xml
                         : Reading weightfile: BDT_run3/weights/TMVACrossValidation_BDTG_fold3.weights.xml
                         : Reading weight file: BDT_run3/weights/TMVACrossValidation_BDTG_fold3.weights.xml
                         : Reading weightfile: BDT_run3/weights/TMVACrossValidation_BDTG_fold4.weights.xml
                         : Reading weight file: BDT_run3/weights/TMVACrossValidation_BDTG_fold4.weights.xml
                         : Reading weightfile: BDT_run3/weights/TMVACrossValidation_BDTG_fold5.weights.xml
                         : Reading weight file: BDT_run3/weights/TMVACrossValidation_BDTG_fold5.weights.xml
                         : Booked classifier "BDTG" of type: "CrossValidation"
72974 entries to be processed...
                         : Rebuilding Dataset Default
 Fiducial: 16615.79
Filter(1): 4867.88
Filter(2): 792907.12
  anaCode: 30322.86
   presel: 7234.55
   trigWt: 6106.08
     PuWt: 6149.74
   muIDWt: 6046.26
recoCorWt: 6313.33
      BDT: 5891.31
   trigSF: 5884.92
=== pu_dn_isRun31_isBs21 ===

200000 entries to be processed...
5020000 entries to be processed...
                         : Booking "BDTG" of type "CrossValidation" from BDT_run2/weights/TMVACrossValidation_BDTG.weights.xml.
                         : Reading weight file: BDT_run2/weights/TMVACrossValidation_BDTG.weights.xml
<HEADER> DataSetInfo              : [Default] : Added class "Signal"
<HEADER> DataSetInfo              : [Default] : Added class "Background"
                         : Reading weightfile: BDT_run2/weights/TMVACrossValidation_BDTG_fold1.weights.xml
                         : Reading weight file: BDT_run2/weights/TMVACrossValidation_BDTG_fold1.weights.xml
                         : Reading weightfile: BDT_run2/weights/TMVACrossValidation_BDTG_fold2.weights.xml
                         : Reading weight file: BDT_run2/weights/TMVACrossValidation_BDTG_fold2.weights.xml
                         : Reading weightfile: BDT_run2/weights/TMVACrossValidation_BDTG_fold3.weights.xml
                         : Reading weight file: BDT_run2/weights/TMVACrossValidation_BDTG_fold3.weights.xml
                         : Reading weightfile: BDT_run2/weights/TMVACrossValidation_BDTG_fold4.weights.xml
                         : Reading weight file: BDT_run2/weights/TMVACrossValidation_BDTG_fold4.weights.xml
                         : Reading weightfile: BDT_run2/weights/TMVACrossValidation_BDTG_fold5.weights.xml
                         : Reading weight file: BDT_run2/weights/TMVACrossValidation_BDTG_fold5.weights.xml
                         : Booked classifier "BDTG" of type: "CrossValidation"
                         : Booking "BDTG" of type "CrossValidation" from BDT_run3/weights/TMVACrossValidation_BDTG.weights.xml.
                         : Reading weight file: BDT_run3/weights/TMVACrossValidation_BDTG.weights.xml
<HEADER> DataSetInfo              : [Default] : Added class "Signal"
<HEADER> DataSetInfo              : [Default] : Added class "Background"
                         : Reading weightfile: BDT_run3/weights/TMVACrossValidation_BDTG_fold1.weights.xml
                         : Reading weight file: BDT_run3/weights/TMVACrossValidation_BDTG_fold1.weights.xml
                         : Reading weightfile: BDT_run3/weights/TMVACrossValidation_BDTG_fold2.weights.xml
                         : Reading weight file: BDT_run3/weights/TMVACrossValidation_BDTG_fold2.weights.xml
                         : Reading weightfile: BDT_run3/weights/TMVACrossValidation_BDTG_fold3.weights.xml
                         : Reading weight file: BDT_run3/weights/TMVACrossValidation_BDTG_fold3.weights.xml
                         : Reading weightfile: BDT_run3/weights/TMVACrossValidation_BDTG_fold4.weights.xml
                         : Reading weight file: BDT_run3/weights/TMVACrossValidation_BDTG_fold4.weights.xml
                         : Reading weightfile: BDT_run3/weights/TMVACrossValidation_BDTG_fold5.weights.xml
                         : Reading weight file: BDT_run3/weights/TMVACrossValidation_BDTG_fold5.weights.xml
                         : Booked classifier "BDTG" of type: "CrossValidation"
254288 entries to be processed...
                         : Rebuilding Dataset Default
 Fiducial: 23610.89, 10232.54
Filter(1): 6805.84, 2863.12
Filter(2): 1935445.88, 828212.44
  anaCode: 74937.45, 32265.78
   presel: 17903.83, 7649.59
   trigWt: 15042.90, 6430.44
     PuWt: 15295.56, 6591.78
   muIDWt: 15034.77, 6478.02
recoCorWt: 15306.45, 6647.74
      BDT: 14477.77, 6226.64
   trigSF: 14415.49, 6209.17
=== pu_dn_isRun31_isBs20 ===

100000 entries to be processed...
1440000 entries to be processed...
                         : Booking "BDTG" of type "CrossValidation" from BDT_run2/weights/TMVACrossValidation_BDTG.weights.xml.
                         : Reading weight file: BDT_run2/weights/TMVACrossValidation_BDTG.weights.xml
<HEADER> DataSetInfo              : [Default] : Added class "Signal"
<HEADER> DataSetInfo              : [Default] : Added class "Background"
                         : Reading weightfile: BDT_run2/weights/TMVACrossValidation_BDTG_fold1.weights.xml
                         : Reading weight file: BDT_run2/weights/TMVACrossValidation_BDTG_fold1.weights.xml
                         : Reading weightfile: BDT_run2/weights/TMVACrossValidation_BDTG_fold2.weights.xml
                         : Reading weight file: BDT_run2/weights/TMVACrossValidation_BDTG_fold2.weights.xml
                         : Reading weightfile: BDT_run2/weights/TMVACrossValidation_BDTG_fold3.weights.xml
                         : Reading weight file: BDT_run2/weights/TMVACrossValidation_BDTG_fold3.weights.xml
                         : Reading weightfile: BDT_run2/weights/TMVACrossValidation_BDTG_fold4.weights.xml
                         : Reading weight file: BDT_run2/weights/TMVACrossValidation_BDTG_fold4.weights.xml
                         : Reading weightfile: BDT_run2/weights/TMVACrossValidation_BDTG_fold5.weights.xml
                         : Reading weight file: BDT_run2/weights/TMVACrossValidation_BDTG_fold5.weights.xml
                         : Booked classifier "BDTG" of type: "CrossValidation"
                         : Booking "BDTG" of type "CrossValidation" from BDT_run3/weights/TMVACrossValidation_BDTG.weights.xml.
                         : Reading weight file: BDT_run3/weights/TMVACrossValidation_BDTG.weights.xml
<HEADER> DataSetInfo              : [Default] : Added class "Signal"
<HEADER> DataSetInfo              : [Default] : Added class "Background"
                         : Reading weightfile: BDT_run3/weights/TMVACrossValidation_BDTG_fold1.weights.xml
                         : Reading weight file: BDT_run3/weights/TMVACrossValidation_BDTG_fold1.weights.xml
                         : Reading weightfile: BDT_run3/weights/TMVACrossValidation_BDTG_fold2.weights.xml
                         : Reading weight file: BDT_run3/weights/TMVACrossValidation_BDTG_fold2.weights.xml
                         : Reading weightfile: BDT_run3/weights/TMVACrossValidation_BDTG_fold3.weights.xml
                         : Reading weight file: BDT_run3/weights/TMVACrossValidation_BDTG_fold3.weights.xml
                         : Reading weightfile: BDT_run3/weights/TMVACrossValidation_BDTG_fold4.weights.xml
                         : Reading weight file: BDT_run3/weights/TMVACrossValidation_BDTG_fold4.weights.xml
                         : Reading weightfile: BDT_run3/weights/TMVACrossValidation_BDTG_fold5.weights.xml
                         : Reading weight file: BDT_run3/weights/TMVACrossValidation_BDTG_fold5.weights.xml
                         : Booked classifier "BDTG" of type: "CrossValidation"
72974 entries to be processed...
                         : Rebuilding Dataset Default
 Fiducial: 16615.79
Filter(1): 4867.88
Filter(2): 792907.12
  anaCode: 30322.86
   presel: 7234.55
   trigWt: 6106.08
     PuWt: 6316.61
   muIDWt: 6209.81
recoCorWt: 6376.94
      BDT: 5966.52
   trigSF: 5957.26
[Pileup] isRun3=1
  norm  eps2/eps1=0.4271498914714912  eps3/eps1=0.41338189822190885
  up    eps2/eps1=0.4263908975274869  eps3/eps1=0.4106086320154728
  down  eps2/eps1=0.43008280971447954  eps3/eps1=0.41211595432169457
  rel   eps2/eps1=-0.178%/+0.687%  eps3/eps1=-0.671%/-0.306%
=== MUON_medium_EFF_RECO_STAT_up_k0_isRun30_isBs21 ===

200000 entries to be processed...
3940000 entries to be processed...
                         : Booking "BDTG" of type "CrossValidation" from BDT_run2/weights/TMVACrossValidation_BDTG.weights.xml.
                         : Reading weight file: BDT_run2/weights/TMVACrossValidation_BDTG.weights.xml
<HEADER> DataSetInfo              : [Default] : Added class "Signal"
<HEADER> DataSetInfo              : [Default] : Added class "Background"
                         : Reading weightfile: BDT_run2/weights/TMVACrossValidation_BDTG_fold1.weights.xml
                         : Reading weight file: BDT_run2/weights/TMVACrossValidation_BDTG_fold1.weights.xml
                         : Reading weightfile: BDT_run2/weights/TMVACrossValidation_BDTG_fold2.weights.xml
                         : Reading weight file: BDT_run2/weights/TMVACrossValidation_BDTG_fold2.weights.xml
                         : Reading weightfile: BDT_run2/weights/TMVACrossValidation_BDTG_fold3.weights.xml
                         : Reading weight file: BDT_run2/weights/TMVACrossValidation_BDTG_fold3.weights.xml
                         : Reading weightfile: BDT_run2/weights/TMVACrossValidation_BDTG_fold4.weights.xml
                         : Reading weight file: BDT_run2/weights/TMVACrossValidation_BDTG_fold4.weights.xml
                         : Reading weightfile: BDT_run2/weights/TMVACrossValidation_BDTG_fold5.weights.xml
                         : Reading weight file: BDT_run2/weights/TMVACrossValidation_BDTG_fold5.weights.xml
                         : Booked classifier "BDTG" of type: "CrossValidation"
                         : Booking "BDTG" of type "CrossValidation" from BDT_run3/weights/TMVACrossValidation_BDTG.weights.xml.
                         : Reading weight file: BDT_run3/weights/TMVACrossValidation_BDTG.weights.xml
<HEADER> DataSetInfo              : [Default] : Added class "Signal"
<HEADER> DataSetInfo              : [Default] : Added class "Background"
                         : Reading weightfile: BDT_run3/weights/TMVACrossValidation_BDTG_fold1.weights.xml
                         : Reading weight file: BDT_run3/weights/TMVACrossValidation_BDTG_fold1.weights.xml
                         : Reading weightfile: BDT_run3/weights/TMVACrossValidation_BDTG_fold2.weights.xml
                         : Reading weight file: BDT_run3/weights/TMVACrossValidation_BDTG_fold2.weights.xml
                         : Reading weightfile: BDT_run3/weights/TMVACrossValidation_BDTG_fold3.weights.xml
                         : Reading weight file: BDT_run3/weights/TMVACrossValidation_BDTG_fold3.weights.xml
                         : Reading weightfile: BDT_run3/weights/TMVACrossValidation_BDTG_fold4.weights.xml
                         : Reading weight file: BDT_run3/weights/TMVACrossValidation_BDTG_fold4.weights.xml
                         : Reading weightfile: BDT_run3/weights/TMVACrossValidation_BDTG_fold5.weights.xml
                         : Reading weight file: BDT_run3/weights/TMVACrossValidation_BDTG_fold5.weights.xml
                         : Booked classifier "BDTG" of type: "CrossValidation"
207600 entries to be processed...
                         : Rebuilding Dataset Default
 Fiducial: 23246.23, 9668.44
Filter(1): 6430.00, 2731.94
Filter(2): 1444789.38, 618564.12
  anaCode: 55362.69, 23504.99
   presel: 15078.15, 6325.59
   trigWt: 12124.72, 5113.65
     PuWt: 12213.46, 5163.51
   muIDWt: 12412.40, 5247.14
recoCorWt: 12284.22, 5110.92
      BDT: 11556.21, 4813.02
   trigSF: 10797.65, 4479.13
=== MUON_medium_EFF_RECO_STAT_up_k0_isRun30_isBs20 ===

100000 entries to be processed...
1140000 entries to be processed...
                         : Booking "BDTG" of type "CrossValidation" from BDT_run2/weights/TMVACrossValidation_BDTG.weights.xml.
                         : Reading weight file: BDT_run2/weights/TMVACrossValidation_BDTG.weights.xml
<HEADER> DataSetInfo              : [Default] : Added class "Signal"
<HEADER> DataSetInfo              : [Default] : Added class "Background"
                         : Reading weightfile: BDT_run2/weights/TMVACrossValidation_BDTG_fold1.weights.xml
                         : Reading weight file: BDT_run2/weights/TMVACrossValidation_BDTG_fold1.weights.xml
                         : Reading weightfile: BDT_run2/weights/TMVACrossValidation_BDTG_fold2.weights.xml
                         : Reading weight file: BDT_run2/weights/TMVACrossValidation_BDTG_fold2.weights.xml
                         : Reading weightfile: BDT_run2/weights/TMVACrossValidation_BDTG_fold3.weights.xml
                         : Reading weight file: BDT_run2/weights/TMVACrossValidation_BDTG_fold3.weights.xml
                         : Reading weightfile: BDT_run2/weights/TMVACrossValidation_BDTG_fold4.weights.xml
                         : Reading weight file: BDT_run2/weights/TMVACrossValidation_BDTG_fold4.weights.xml
                         : Reading weightfile: BDT_run2/weights/TMVACrossValidation_BDTG_fold5.weights.xml
                         : Reading weight file: BDT_run2/weights/TMVACrossValidation_BDTG_fold5.weights.xml
                         : Booked classifier "BDTG" of type: "CrossValidation"
                         : Booking "BDTG" of type "CrossValidation" from BDT_run3/weights/TMVACrossValidation_BDTG.weights.xml.
                         : Reading weight file: BDT_run3/weights/TMVACrossValidation_BDTG.weights.xml
<HEADER> DataSetInfo              : [Default] : Added class "Signal"
<HEADER> DataSetInfo              : [Default] : Added class "Background"
                         : Reading weightfile: BDT_run3/weights/TMVACrossValidation_BDTG_fold1.weights.xml
                         : Reading weight file: BDT_run3/weights/TMVACrossValidation_BDTG_fold1.weights.xml
                         : Reading weightfile: BDT_run3/weights/TMVACrossValidation_BDTG_fold2.weights.xml
                         : Reading weight file: BDT_run3/weights/TMVACrossValidation_BDTG_fold2.weights.xml
                         : Reading weightfile: BDT_run3/weights/TMVACrossValidation_BDTG_fold3.weights.xml
                         : Reading weight file: BDT_run3/weights/TMVACrossValidation_BDTG_fold3.weights.xml
                         : Reading weightfile: BDT_run3/weights/TMVACrossValidation_BDTG_fold4.weights.xml
                         : Reading weight file: BDT_run3/weights/TMVACrossValidation_BDTG_fold4.weights.xml
                         : Reading weightfile: BDT_run3/weights/TMVACrossValidation_BDTG_fold5.weights.xml
                         : Reading weight file: BDT_run3/weights/TMVACrossValidation_BDTG_fold5.weights.xml
                         : Booked classifier "BDTG" of type: "CrossValidation"
59543 entries to be processed...
                         : Rebuilding Dataset Default
 Fiducial: 16565.37
Filter(1): 4574.00
Filter(2): 598129.38
  anaCode: 22286.43
   presel: 5906.50
   trigWt: 4825.25
     PuWt: 4878.75
   muIDWt: 4955.07
recoCorWt: 4789.54
      BDT: 4509.72
   trigSF: 4232.94
=== MUON_medium_EFF_RECO_STAT_dn_k0_isRun30_isBs21 ===

200000 entries to be processed...
3940000 entries to be processed...
                         : Booking "BDTG" of type "CrossValidation" from BDT_run2/weights/TMVACrossValidation_BDTG.weights.xml.
                         : Reading weight file: BDT_run2/weights/TMVACrossValidation_BDTG.weights.xml
<HEADER> DataSetInfo              : [Default] : Added class "Signal"
<HEADER> DataSetInfo              : [Default] : Added class "Background"
                         : Reading weightfile: BDT_run2/weights/TMVACrossValidation_BDTG_fold1.weights.xml
                         : Reading weight file: BDT_run2/weights/TMVACrossValidation_BDTG_fold1.weights.xml
                         : Reading weightfile: BDT_run2/weights/TMVACrossValidation_BDTG_fold2.weights.xml
                         : Reading weight file: BDT_run2/weights/TMVACrossValidation_BDTG_fold2.weights.xml
                         : Reading weightfile: BDT_run2/weights/TMVACrossValidation_BDTG_fold3.weights.xml
                         : Reading weight file: BDT_run2/weights/TMVACrossValidation_BDTG_fold3.weights.xml
                         : Reading weightfile: BDT_run2/weights/TMVACrossValidation_BDTG_fold4.weights.xml
                         : Reading weight file: BDT_run2/weights/TMVACrossValidation_BDTG_fold4.weights.xml
                         : Reading weightfile: BDT_run2/weights/TMVACrossValidation_BDTG_fold5.weights.xml
                         : Reading weight file: BDT_run2/weights/TMVACrossValidation_BDTG_fold5.weights.xml
                         : Booked classifier "BDTG" of type: "CrossValidation"
                         : Booking "BDTG" of type "CrossValidation" from BDT_run3/weights/TMVACrossValidation_BDTG.weights.xml.
                         : Reading weight file: BDT_run3/weights/TMVACrossValidation_BDTG.weights.xml
<HEADER> DataSetInfo              : [Default] : Added class "Signal"
<HEADER> DataSetInfo              : [Default] : Added class "Background"
                         : Reading weightfile: BDT_run3/weights/TMVACrossValidation_BDTG_fold1.weights.xml
                         : Reading weight file: BDT_run3/weights/TMVACrossValidation_BDTG_fold1.weights.xml
                         : Reading weightfile: BDT_run3/weights/TMVACrossValidation_BDTG_fold2.weights.xml
                         : Reading weight file: BDT_run3/weights/TMVACrossValidation_BDTG_fold2.weights.xml
                         : Reading weightfile: BDT_run3/weights/TMVACrossValidation_BDTG_fold3.weights.xml
                         : Reading weight file: BDT_run3/weights/TMVACrossValidation_BDTG_fold3.weights.xml
                         : Reading weightfile: BDT_run3/weights/TMVACrossValidation_BDTG_fold4.weights.xml
                         : Reading weight file: BDT_run3/weights/TMVACrossValidation_BDTG_fold4.weights.xml
                         : Reading weightfile: BDT_run3/weights/TMVACrossValidation_BDTG_fold5.weights.xml
                         : Reading weight file: BDT_run3/weights/TMVACrossValidation_BDTG_fold5.weights.xml
                         : Booked classifier "BDTG" of type: "CrossValidation"
207600 entries to be processed...
                         : Rebuilding Dataset Default
 Fiducial: 23246.23, 9668.44
Filter(1): 6430.00, 2731.94
Filter(2): 1444789.38, 618564.12
  anaCode: 55362.69, 23504.99
   presel: 15078.15, 6325.59
   trigWt: 12124.72, 5113.65
     PuWt: 12213.46, 5163.51
   muIDWt: 12408.67, 5245.55
recoCorWt: 12280.79, 5109.54
      BDT: 11552.90, 4811.67
   trigSF: 10794.37, 4477.82
=== MUON_medium_EFF_RECO_STAT_dn_k0_isRun30_isBs20 ===

100000 entries to be processed...
1140000 entries to be processed...
                         : Booking "BDTG" of type "CrossValidation" from BDT_run2/weights/TMVACrossValidation_BDTG.weights.xml.
                         : Reading weight file: BDT_run2/weights/TMVACrossValidation_BDTG.weights.xml
<HEADER> DataSetInfo              : [Default] : Added class "Signal"
<HEADER> DataSetInfo              : [Default] : Added class "Background"
                         : Reading weightfile: BDT_run2/weights/TMVACrossValidation_BDTG_fold1.weights.xml
                         : Reading weight file: BDT_run2/weights/TMVACrossValidation_BDTG_fold1.weights.xml
                         : Reading weightfile: BDT_run2/weights/TMVACrossValidation_BDTG_fold2.weights.xml
                         : Reading weight file: BDT_run2/weights/TMVACrossValidation_BDTG_fold2.weights.xml
                         : Reading weightfile: BDT_run2/weights/TMVACrossValidation_BDTG_fold3.weights.xml
                         : Reading weight file: BDT_run2/weights/TMVACrossValidation_BDTG_fold3.weights.xml
                         : Reading weightfile: BDT_run2/weights/TMVACrossValidation_BDTG_fold4.weights.xml
                         : Reading weight file: BDT_run2/weights/TMVACrossValidation_BDTG_fold4.weights.xml
                         : Reading weightfile: BDT_run2/weights/TMVACrossValidation_BDTG_fold5.weights.xml
                         : Reading weight file: BDT_run2/weights/TMVACrossValidation_BDTG_fold5.weights.xml
                         : Booked classifier "BDTG" of type: "CrossValidation"
                         : Booking "BDTG" of type "CrossValidation" from BDT_run3/weights/TMVACrossValidation_BDTG.weights.xml.
                         : Reading weight file: BDT_run3/weights/TMVACrossValidation_BDTG.weights.xml
<HEADER> DataSetInfo              : [Default] : Added class "Signal"
<HEADER> DataSetInfo              : [Default] : Added class "Background"
                         : Reading weightfile: BDT_run3/weights/TMVACrossValidation_BDTG_fold1.weights.xml
                         : Reading weight file: BDT_run3/weights/TMVACrossValidation_BDTG_fold1.weights.xml
                         : Reading weightfile: BDT_run3/weights/TMVACrossValidation_BDTG_fold2.weights.xml
                         : Reading weight file: BDT_run3/weights/TMVACrossValidation_BDTG_fold2.weights.xml
                         : Reading weightfile: BDT_run3/weights/TMVACrossValidation_BDTG_fold3.weights.xml
                         : Reading weight file: BDT_run3/weights/TMVACrossValidation_BDTG_fold3.weights.xml
                         : Reading weightfile: BDT_run3/weights/TMVACrossValidation_BDTG_fold4.weights.xml
                         : Reading weight file: BDT_run3/weights/TMVACrossValidation_BDTG_fold4.weights.xml
                         : Reading weightfile: BDT_run3/weights/TMVACrossValidation_BDTG_fold5.weights.xml
                         : Reading weight file: BDT_run3/weights/TMVACrossValidation_BDTG_fold5.weights.xml
                         : Booked classifier "BDTG" of type: "CrossValidation"
59543 entries to be processed...
                         : Rebuilding Dataset Default
 Fiducial: 16565.37
Filter(1): 4574.00
Filter(2): 598129.38
  anaCode: 22286.43
   presel: 5906.50
   trigWt: 4825.25
     PuWt: 4878.75
   muIDWt: 4953.47
recoCorWt: 4788.12
      BDT: 4508.33
   trigSF: 4231.57
[MUON_medium_EFF_RECO_STAT] k=0 isRun3=0
  norm  eps2/eps1=0.41648859797845517  eps3/eps1=0.39023828749416895
  up    eps2/eps1=0.4164877585298295  eps3/eps1=0.39024212955631654
  down  eps2/eps1=0.41649023188982853  eps3/eps1=0.39023362099559417
  rel   eps2/eps1=-0.000%/+0.000%  eps3/eps1=+0.001%/-0.001%
=== MUON_medium_EFF_RECO_STAT_up_k0_isRun31_isBs21 ===

200000 entries to be processed...
5020000 entries to be processed...
                         : Booking "BDTG" of type "CrossValidation" from BDT_run2/weights/TMVACrossValidation_BDTG.weights.xml.
                         : Reading weight file: BDT_run2/weights/TMVACrossValidation_BDTG.weights.xml
<HEADER> DataSetInfo              : [Default] : Added class "Signal"
<HEADER> DataSetInfo              : [Default] : Added class "Background"
                         : Reading weightfile: BDT_run2/weights/TMVACrossValidation_BDTG_fold1.weights.xml
                         : Reading weight file: BDT_run2/weights/TMVACrossValidation_BDTG_fold1.weights.xml
                         : Reading weightfile: BDT_run2/weights/TMVACrossValidation_BDTG_fold2.weights.xml
                         : Reading weight file: BDT_run2/weights/TMVACrossValidation_BDTG_fold2.weights.xml
                         : Reading weightfile: BDT_run2/weights/TMVACrossValidation_BDTG_fold3.weights.xml
                         : Reading weight file: BDT_run2/weights/TMVACrossValidation_BDTG_fold3.weights.xml
                         : Reading weightfile: BDT_run2/weights/TMVACrossValidation_BDTG_fold4.weights.xml
                         : Reading weight file: BDT_run2/weights/TMVACrossValidation_BDTG_fold4.weights.xml
                         : Reading weightfile: BDT_run2/weights/TMVACrossValidation_BDTG_fold5.weights.xml
                         : Reading weight file: BDT_run2/weights/TMVACrossValidation_BDTG_fold5.weights.xml
                         : Booked classifier "BDTG" of type: "CrossValidation"
                         : Booking "BDTG" of type "CrossValidation" from BDT_run3/weights/TMVACrossValidation_BDTG.weights.xml.
                         : Reading weight file: BDT_run3/weights/TMVACrossValidation_BDTG.weights.xml
<HEADER> DataSetInfo              : [Default] : Added class "Signal"
<HEADER> DataSetInfo              : [Default] : Added class "Background"
                         : Reading weightfile: BDT_run3/weights/TMVACrossValidation_BDTG_fold1.weights.xml
                         : Reading weight file: BDT_run3/weights/TMVACrossValidation_BDTG_fold1.weights.xml
                         : Reading weightfile: BDT_run3/weights/TMVACrossValidation_BDTG_fold2.weights.xml
                         : Reading weight file: BDT_run3/weights/TMVACrossValidation_BDTG_fold2.weights.xml
                         : Reading weightfile: BDT_run3/weights/TMVACrossValidation_BDTG_fold3.weights.xml
                         : Reading weight file: BDT_run3/weights/TMVACrossValidation_BDTG_fold3.weights.xml
                         : Reading weightfile: BDT_run3/weights/TMVACrossValidation_BDTG_fold4.weights.xml
                         : Reading weight file: BDT_run3/weights/TMVACrossValidation_BDTG_fold4.weights.xml
                         : Reading weightfile: BDT_run3/weights/TMVACrossValidation_BDTG_fold5.weights.xml
                         : Reading weight file: BDT_run3/weights/TMVACrossValidation_BDTG_fold5.weights.xml
                         : Booked classifier "BDTG" of type: "CrossValidation"
254288 entries to be processed...
                         : Rebuilding Dataset Default
 Fiducial: 23610.89, 10232.54
Filter(1): 6805.84, 2863.12
Filter(2): 1935445.88, 828212.44
  anaCode: 74937.45, 32265.78
   presel: 17903.83, 7649.59
   trigWt: 15042.90, 6430.44
     PuWt: 15188.91, 6472.78
   muIDWt: 14933.91, 6362.63
recoCorWt: 15254.25, 6557.68
      BDT: 14415.28, 6157.57
   trigSF: 14354.24, 6138.31
=== MUON_medium_EFF_RECO_STAT_up_k0_isRun31_isBs20 ===

100000 entries to be processed...
1440000 entries to be processed...
                         : Booking "BDTG" of type "CrossValidation" from BDT_run2/weights/TMVACrossValidation_BDTG.weights.xml.
                         : Reading weight file: BDT_run2/weights/TMVACrossValidation_BDTG.weights.xml
<HEADER> DataSetInfo              : [Default] : Added class "Signal"
<HEADER> DataSetInfo              : [Default] : Added class "Background"
                         : Reading weightfile: BDT_run2/weights/TMVACrossValidation_BDTG_fold1.weights.xml
                         : Reading weight file: BDT_run2/weights/TMVACrossValidation_BDTG_fold1.weights.xml
                         : Reading weightfile: BDT_run2/weights/TMVACrossValidation_BDTG_fold2.weights.xml
                         : Reading weight file: BDT_run2/weights/TMVACrossValidation_BDTG_fold2.weights.xml
                         : Reading weightfile: BDT_run2/weights/TMVACrossValidation_BDTG_fold3.weights.xml
                         : Reading weight file: BDT_run2/weights/TMVACrossValidation_BDTG_fold3.weights.xml
                         : Reading weightfile: BDT_run2/weights/TMVACrossValidation_BDTG_fold4.weights.xml
                         : Reading weight file: BDT_run2/weights/TMVACrossValidation_BDTG_fold4.weights.xml
                         : Reading weightfile: BDT_run2/weights/TMVACrossValidation_BDTG_fold5.weights.xml
                         : Reading weight file: BDT_run2/weights/TMVACrossValidation_BDTG_fold5.weights.xml
                         : Booked classifier "BDTG" of type: "CrossValidation"
                         : Booking "BDTG" of type "CrossValidation" from BDT_run3/weights/TMVACrossValidation_BDTG.weights.xml.
                         : Reading weight file: BDT_run3/weights/TMVACrossValidation_BDTG.weights.xml
<HEADER> DataSetInfo              : [Default] : Added class "Signal"
<HEADER> DataSetInfo              : [Default] : Added class "Background"
                         : Reading weightfile: BDT_run3/weights/TMVACrossValidation_BDTG_fold1.weights.xml
                         : Reading weight file: BDT_run3/weights/TMVACrossValidation_BDTG_fold1.weights.xml
                         : Reading weightfile: BDT_run3/weights/TMVACrossValidation_BDTG_fold2.weights.xml
                         : Reading weight file: BDT_run3/weights/TMVACrossValidation_BDTG_fold2.weights.xml
                         : Reading weightfile: BDT_run3/weights/TMVACrossValidation_BDTG_fold3.weights.xml
                         : Reading weight file: BDT_run3/weights/TMVACrossValidation_BDTG_fold3.weights.xml
                         : Reading weightfile: BDT_run3/weights/TMVACrossValidation_BDTG_fold4.weights.xml
                         : Reading weight file: BDT_run3/weights/TMVACrossValidation_BDTG_fold4.weights.xml
                         : Reading weightfile: BDT_run3/weights/TMVACrossValidation_BDTG_fold5.weights.xml
                         : Reading weight file: BDT_run3/weights/TMVACrossValidation_BDTG_fold5.weights.xml
                         : Booked classifier "BDTG" of type: "CrossValidation"
72974 entries to be processed...
                         : Rebuilding Dataset Default
 Fiducial: 16615.79
Filter(1): 4867.88
Filter(2): 792907.12
  anaCode: 30322.86
   presel: 7234.55
   trigWt: 6106.08
     PuWt: 6259.63
   muIDWt: 6155.66
recoCorWt: 6376.05
      BDT: 5959.11
   trigSF: 5952.19
=== MUON_medium_EFF_RECO_STAT_dn_k0_isRun31_isBs21 ===

200000 entries to be processed...
5020000 entries to be processed...
                         : Booking "BDTG" of type "CrossValidation" from BDT_run2/weights/TMVACrossValidation_BDTG.weights.xml.
                         : Reading weight file: BDT_run2/weights/TMVACrossValidation_BDTG.weights.xml
<HEADER> DataSetInfo              : [Default] : Added class "Signal"
<HEADER> DataSetInfo              : [Default] : Added class "Background"
                         : Reading weightfile: BDT_run2/weights/TMVACrossValidation_BDTG_fold1.weights.xml
                         : Reading weight file: BDT_run2/weights/TMVACrossValidation_BDTG_fold1.weights.xml
                         : Reading weightfile: BDT_run2/weights/TMVACrossValidation_BDTG_fold2.weights.xml
                         : Reading weight file: BDT_run2/weights/TMVACrossValidation_BDTG_fold2.weights.xml
                         : Reading weightfile: BDT_run2/weights/TMVACrossValidation_BDTG_fold3.weights.xml
                         : Reading weight file: BDT_run2/weights/TMVACrossValidation_BDTG_fold3.weights.xml
                         : Reading weightfile: BDT_run2/weights/TMVACrossValidation_BDTG_fold4.weights.xml
                         : Reading weight file: BDT_run2/weights/TMVACrossValidation_BDTG_fold4.weights.xml
                         : Reading weightfile: BDT_run2/weights/TMVACrossValidation_BDTG_fold5.weights.xml
                         : Reading weight file: BDT_run2/weights/TMVACrossValidation_BDTG_fold5.weights.xml
                         : Booked classifier "BDTG" of type: "CrossValidation"
                         : Booking "BDTG" of type "CrossValidation" from BDT_run3/weights/TMVACrossValidation_BDTG.weights.xml.
                         : Reading weight file: BDT_run3/weights/TMVACrossValidation_BDTG.weights.xml
<HEADER> DataSetInfo              : [Default] : Added class "Signal"
<HEADER> DataSetInfo              : [Default] : Added class "Background"
                         : Reading weightfile: BDT_run3/weights/TMVACrossValidation_BDTG_fold1.weights.xml
                         : Reading weight file: BDT_run3/weights/TMVACrossValidation_BDTG_fold1.weights.xml
                         : Reading weightfile: BDT_run3/weights/TMVACrossValidation_BDTG_fold2.weights.xml
                         : Reading weight file: BDT_run3/weights/TMVACrossValidation_BDTG_fold2.weights.xml
                         : Reading weightfile: BDT_run3/weights/TMVACrossValidation_BDTG_fold3.weights.xml
                         : Reading weight file: BDT_run3/weights/TMVACrossValidation_BDTG_fold3.weights.xml
                         : Reading weightfile: BDT_run3/weights/TMVACrossValidation_BDTG_fold4.weights.xml
                         : Reading weight file: BDT_run3/weights/TMVACrossValidation_BDTG_fold4.weights.xml
                         : Reading weightfile: BDT_run3/weights/TMVACrossValidation_BDTG_fold5.weights.xml
                         : Reading weight file: BDT_run3/weights/TMVACrossValidation_BDTG_fold5.weights.xml
                         : Booked classifier "BDTG" of type: "CrossValidation"
254288 entries to be processed...
                         : Rebuilding Dataset Default
 Fiducial: 23610.89, 10232.54
Filter(1): 6805.84, 2863.12
Filter(2): 1935445.88, 828212.44
  anaCode: 74937.45, 32265.78
   presel: 17903.83, 7649.59
   trigWt: 15042.90, 6430.44
     PuWt: 15188.91, 6472.78
   muIDWt: 14926.21, 6359.21
recoCorWt: 15245.16, 6553.70
      BDT: 14406.51, 6153.73
   trigSF: 14345.58, 6134.52
=== MUON_medium_EFF_RECO_STAT_dn_k0_isRun31_isBs20 ===

100000 entries to be processed...
1440000 entries to be processed...
                         : Booking "BDTG" of type "CrossValidation" from BDT_run2/weights/TMVACrossValidation_BDTG.weights.xml.
                         : Reading weight file: BDT_run2/weights/TMVACrossValidation_BDTG.weights.xml
<HEADER> DataSetInfo              : [Default] : Added class "Signal"
<HEADER> DataSetInfo              : [Default] : Added class "Background"
                         : Reading weightfile: BDT_run2/weights/TMVACrossValidation_BDTG_fold1.weights.xml
                         : Reading weight file: BDT_run2/weights/TMVACrossValidation_BDTG_fold1.weights.xml
                         : Reading weightfile: BDT_run2/weights/TMVACrossValidation_BDTG_fold2.weights.xml
                         : Reading weight file: BDT_run2/weights/TMVACrossValidation_BDTG_fold2.weights.xml
                         : Reading weightfile: BDT_run2/weights/TMVACrossValidation_BDTG_fold3.weights.xml
                         : Reading weight file: BDT_run2/weights/TMVACrossValidation_BDTG_fold3.weights.xml
                         : Reading weightfile: BDT_run2/weights/TMVACrossValidation_BDTG_fold4.weights.xml
                         : Reading weight file: BDT_run2/weights/TMVACrossValidation_BDTG_fold4.weights.xml
                         : Reading weightfile: BDT_run2/weights/TMVACrossValidation_BDTG_fold5.weights.xml
                         : Reading weight file: BDT_run2/weights/TMVACrossValidation_BDTG_fold5.weights.xml
                         : Booked classifier "BDTG" of type: "CrossValidation"
                         : Booking "BDTG" of type "CrossValidation" from BDT_run3/weights/TMVACrossValidation_BDTG.weights.xml.
                         : Reading weight file: BDT_run3/weights/TMVACrossValidation_BDTG.weights.xml
<HEADER> DataSetInfo              : [Default] : Added class "Signal"
<HEADER> DataSetInfo              : [Default] : Added class "Background"
                         : Reading weightfile: BDT_run3/weights/TMVACrossValidation_BDTG_fold1.weights.xml
                         : Reading weight file: BDT_run3/weights/TMVACrossValidation_BDTG_fold1.weights.xml
                         : Reading weightfile: BDT_run3/weights/TMVACrossValidation_BDTG_fold2.weights.xml
                         : Reading weight file: BDT_run3/weights/TMVACrossValidation_BDTG_fold2.weights.xml
                         : Reading weightfile: BDT_run3/weights/TMVACrossValidation_BDTG_fold3.weights.xml
                         : Reading weight file: BDT_run3/weights/TMVACrossValidation_BDTG_fold3.weights.xml
                         : Reading weightfile: BDT_run3/weights/TMVACrossValidation_BDTG_fold4.weights.xml
                         : Reading weight file: BDT_run3/weights/TMVACrossValidation_BDTG_fold4.weights.xml
                         : Reading weightfile: BDT_run3/weights/TMVACrossValidation_BDTG_fold5.weights.xml
                         : Reading weight file: BDT_run3/weights/TMVACrossValidation_BDTG_fold5.weights.xml
                         : Booked classifier "BDTG" of type: "CrossValidation"
72974 entries to be processed...
                         : Rebuilding Dataset Default
 Fiducial: 16615.79
Filter(1): 4867.88
Filter(2): 792907.12
  anaCode: 30322.86
   presel: 7234.55
   trigWt: 6106.08
     PuWt: 6259.63
   muIDWt: 6152.32
recoCorWt: 6372.13
      BDT: 5955.34
   trigSF: 5948.44
[MUON_medium_EFF_RECO_STAT] k=0 isRun3=1
  norm  eps2/eps1=0.4271498914714912  eps3/eps1=0.41338189822190885
  up    eps2/eps1=0.4271557680461288  eps3/eps1=0.4133884322746419
  down  eps2/eps1=0.42714925405250814  eps3/eps1=0.413378396294453
  rel   eps2/eps1=+0.001%/-0.000%  eps3/eps1=+0.002%/-0.001%
=== MUON_medium_EFF_RECO_STAT_LOWPT_up_k1_isRun30_isBs21 ===

200000 entries to be processed...
3940000 entries to be processed...
                         : Booking "BDTG" of type "CrossValidation" from BDT_run2/weights/TMVACrossValidation_BDTG.weights.xml.
                         : Reading weight file: BDT_run2/weights/TMVACrossValidation_BDTG.weights.xml
<HEADER> DataSetInfo              : [Default] : Added class "Signal"
<HEADER> DataSetInfo              : [Default] : Added class "Background"
                         : Reading weightfile: BDT_run2/weights/TMVACrossValidation_BDTG_fold1.weights.xml
                         : Reading weight file: BDT_run2/weights/TMVACrossValidation_BDTG_fold1.weights.xml
                         : Reading weightfile: BDT_run2/weights/TMVACrossValidation_BDTG_fold2.weights.xml
                         : Reading weight file: BDT_run2/weights/TMVACrossValidation_BDTG_fold2.weights.xml
                         : Reading weightfile: BDT_run2/weights/TMVACrossValidation_BDTG_fold3.weights.xml
                         : Reading weight file: BDT_run2/weights/TMVACrossValidation_BDTG_fold3.weights.xml
                         : Reading weightfile: BDT_run2/weights/TMVACrossValidation_BDTG_fold4.weights.xml
                         : Reading weight file: BDT_run2/weights/TMVACrossValidation_BDTG_fold4.weights.xml
                         : Reading weightfile: BDT_run2/weights/TMVACrossValidation_BDTG_fold5.weights.xml
                         : Reading weight file: BDT_run2/weights/TMVACrossValidation_BDTG_fold5.weights.xml
                         : Booked classifier "BDTG" of type: "CrossValidation"
                         : Booking "BDTG" of type "CrossValidation" from BDT_run3/weights/TMVACrossValidation_BDTG.weights.xml.
                         : Reading weight file: BDT_run3/weights/TMVACrossValidation_BDTG.weights.xml
<HEADER> DataSetInfo              : [Default] : Added class "Signal"
<HEADER> DataSetInfo              : [Default] : Added class "Background"
                         : Reading weightfile: BDT_run3/weights/TMVACrossValidation_BDTG_fold1.weights.xml
                         : Reading weight file: BDT_run3/weights/TMVACrossValidation_BDTG_fold1.weights.xml
                         : Reading weightfile: BDT_run3/weights/TMVACrossValidation_BDTG_fold2.weights.xml
                         : Reading weight file: BDT_run3/weights/TMVACrossValidation_BDTG_fold2.weights.xml
                         : Reading weightfile: BDT_run3/weights/TMVACrossValidation_BDTG_fold3.weights.xml
                         : Reading weight file: BDT_run3/weights/TMVACrossValidation_BDTG_fold3.weights.xml
                         : Reading weightfile: BDT_run3/weights/TMVACrossValidation_BDTG_fold4.weights.xml
                         : Reading weight file: BDT_run3/weights/TMVACrossValidation_BDTG_fold4.weights.xml
                         : Reading weightfile: BDT_run3/weights/TMVACrossValidation_BDTG_fold5.weights.xml
                         : Reading weight file: BDT_run3/weights/TMVACrossValidation_BDTG_fold5.weights.xml
                         : Booked classifier "BDTG" of type: "CrossValidation"
207600 entries to be processed...
                         : Rebuilding Dataset Default
 Fiducial: 23246.23, 9668.44
Filter(1): 6430.00, 2731.94
Filter(2): 1444789.38, 618564.12
  anaCode: 55362.69, 23504.99
   presel: 15078.15, 6325.59
   trigWt: 12124.72, 5113.65
     PuWt: 12213.46, 5163.51
   muIDWt: 12456.31, 5265.63
recoCorWt: 12327.53, 5129.14
      BDT: 11596.66, 4829.94
   trigSF: 10836.79, 4495.28
=== MUON_medium_EFF_RECO_STAT_LOWPT_up_k1_isRun30_isBs20 ===

100000 entries to be processed...
1140000 entries to be processed...
                         : Booking "BDTG" of type "CrossValidation" from BDT_run2/weights/TMVACrossValidation_BDTG.weights.xml.
                         : Reading weight file: BDT_run2/weights/TMVACrossValidation_BDTG.weights.xml
<HEADER> DataSetInfo              : [Default] : Added class "Signal"
<HEADER> DataSetInfo              : [Default] : Added class "Background"
                         : Reading weightfile: BDT_run2/weights/TMVACrossValidation_BDTG_fold1.weights.xml
                         : Reading weight file: BDT_run2/weights/TMVACrossValidation_BDTG_fold1.weights.xml
                         : Reading weightfile: BDT_run2/weights/TMVACrossValidation_BDTG_fold2.weights.xml
                         : Reading weight file: BDT_run2/weights/TMVACrossValidation_BDTG_fold2.weights.xml
                         : Reading weightfile: BDT_run2/weights/TMVACrossValidation_BDTG_fold3.weights.xml
                         : Reading weight file: BDT_run2/weights/TMVACrossValidation_BDTG_fold3.weights.xml
                         : Reading weightfile: BDT_run2/weights/TMVACrossValidation_BDTG_fold4.weights.xml
                         : Reading weight file: BDT_run2/weights/TMVACrossValidation_BDTG_fold4.weights.xml
                         : Reading weightfile: BDT_run2/weights/TMVACrossValidation_BDTG_fold5.weights.xml
                         : Reading weight file: BDT_run2/weights/TMVACrossValidation_BDTG_fold5.weights.xml
                         : Booked classifier "BDTG" of type: "CrossValidation"
                         : Booking "BDTG" of type "CrossValidation" from BDT_run3/weights/TMVACrossValidation_BDTG.weights.xml.
                         : Reading weight file: BDT_run3/weights/TMVACrossValidation_BDTG.weights.xml
<HEADER> DataSetInfo              : [Default] : Added class "Signal"
<HEADER> DataSetInfo              : [Default] : Added class "Background"
                         : Reading weightfile: BDT_run3/weights/TMVACrossValidation_BDTG_fold1.weights.xml
                         : Reading weight file: BDT_run3/weights/TMVACrossValidation_BDTG_fold1.weights.xml
                         : Reading weightfile: BDT_run3/weights/TMVACrossValidation_BDTG_fold2.weights.xml
                         : Reading weight file: BDT_run3/weights/TMVACrossValidation_BDTG_fold2.weights.xml
                         : Reading weightfile: BDT_run3/weights/TMVACrossValidation_BDTG_fold3.weights.xml
                         : Reading weight file: BDT_run3/weights/TMVACrossValidation_BDTG_fold3.weights.xml
                         : Reading weightfile: BDT_run3/weights/TMVACrossValidation_BDTG_fold4.weights.xml
                         : Reading weight file: BDT_run3/weights/TMVACrossValidation_BDTG_fold4.weights.xml
                         : Reading weightfile: BDT_run3/weights/TMVACrossValidation_BDTG_fold5.weights.xml
                         : Reading weight file: BDT_run3/weights/TMVACrossValidation_BDTG_fold5.weights.xml
                         : Booked classifier "BDTG" of type: "CrossValidation"
59543 entries to be processed...
                         : Rebuilding Dataset Default
 Fiducial: 16565.37
Filter(1): 4574.00
Filter(2): 598129.38
  anaCode: 22286.43
   presel: 5906.50
   trigWt: 4825.25
     PuWt: 4878.75
   muIDWt: 4972.58
recoCorWt: 4806.88
      BDT: 4525.89
   trigSF: 4248.71
=== MUON_medium_EFF_RECO_STAT_LOWPT_dn_k1_isRun30_isBs21 ===

200000 entries to be processed...
3940000 entries to be processed...
                         : Booking "BDTG" of type "CrossValidation" from BDT_run2/weights/TMVACrossValidation_BDTG.weights.xml.
                         : Reading weight file: BDT_run2/weights/TMVACrossValidation_BDTG.weights.xml
<HEADER> DataSetInfo              : [Default] : Added class "Signal"
<HEADER> DataSetInfo              : [Default] : Added class "Background"
                         : Reading weightfile: BDT_run2/weights/TMVACrossValidation_BDTG_fold1.weights.xml
                         : Reading weight file: BDT_run2/weights/TMVACrossValidation_BDTG_fold1.weights.xml
                         : Reading weightfile: BDT_run2/weights/TMVACrossValidation_BDTG_fold2.weights.xml
                         : Reading weight file: BDT_run2/weights/TMVACrossValidation_BDTG_fold2.weights.xml
                         : Reading weightfile: BDT_run2/weights/TMVACrossValidation_BDTG_fold3.weights.xml
                         : Reading weight file: BDT_run2/weights/TMVACrossValidation_BDTG_fold3.weights.xml
                         : Reading weightfile: BDT_run2/weights/TMVACrossValidation_BDTG_fold4.weights.xml
                         : Reading weight file: BDT_run2/weights/TMVACrossValidation_BDTG_fold4.weights.xml
                         : Reading weightfile: BDT_run2/weights/TMVACrossValidation_BDTG_fold5.weights.xml
                         : Reading weight file: BDT_run2/weights/TMVACrossValidation_BDTG_fold5.weights.xml
                         : Booked classifier "BDTG" of type: "CrossValidation"
                         : Booking "BDTG" of type "CrossValidation" from BDT_run3/weights/TMVACrossValidation_BDTG.weights.xml.
                         : Reading weight file: BDT_run3/weights/TMVACrossValidation_BDTG.weights.xml
<HEADER> DataSetInfo              : [Default] : Added class "Signal"
<HEADER> DataSetInfo              : [Default] : Added class "Background"
                         : Reading weightfile: BDT_run3/weights/TMVACrossValidation_BDTG_fold1.weights.xml
                         : Reading weight file: BDT_run3/weights/TMVACrossValidation_BDTG_fold1.weights.xml
                         : Reading weightfile: BDT_run3/weights/TMVACrossValidation_BDTG_fold2.weights.xml
                         : Reading weight file: BDT_run3/weights/TMVACrossValidation_BDTG_fold2.weights.xml
                         : Reading weightfile: BDT_run3/weights/TMVACrossValidation_BDTG_fold3.weights.xml
                         : Reading weight file: BDT_run3/weights/TMVACrossValidation_BDTG_fold3.weights.xml
                         : Reading weightfile: BDT_run3/weights/TMVACrossValidation_BDTG_fold4.weights.xml
                         : Reading weight file: BDT_run3/weights/TMVACrossValidation_BDTG_fold4.weights.xml
                         : Reading weightfile: BDT_run3/weights/TMVACrossValidation_BDTG_fold5.weights.xml
                         : Reading weight file: BDT_run3/weights/TMVACrossValidation_BDTG_fold5.weights.xml
                         : Booked classifier "BDTG" of type: "CrossValidation"
207600 entries to be processed...
                         : Rebuilding Dataset Default
 Fiducial: 23246.23, 9668.44
Filter(1): 6430.00, 2731.94
Filter(2): 1444789.38, 618564.12
  anaCode: 55362.69, 23504.99
   presel: 15078.15, 6325.59
   trigWt: 12124.72, 5113.65
     PuWt: 12213.46, 5163.51
   muIDWt: 12361.00, 5225.60
recoCorWt: 12233.93, 5089.90
      BDT: 11509.15, 4793.39
   trigSF: 10752.11, 4460.44
=== MUON_medium_EFF_RECO_STAT_LOWPT_dn_k1_isRun30_isBs20 ===

100000 entries to be processed...
1140000 entries to be processed...
                         : Booking "BDTG" of type "CrossValidation" from BDT_run2/weights/TMVACrossValidation_BDTG.weights.xml.
                         : Reading weight file: BDT_run2/weights/TMVACrossValidation_BDTG.weights.xml
<HEADER> DataSetInfo              : [Default] : Added class "Signal"
<HEADER> DataSetInfo              : [Default] : Added class "Background"
                         : Reading weightfile: BDT_run2/weights/TMVACrossValidation_BDTG_fold1.weights.xml
                         : Reading weight file: BDT_run2/weights/TMVACrossValidation_BDTG_fold1.weights.xml
                         : Reading weightfile: BDT_run2/weights/TMVACrossValidation_BDTG_fold2.weights.xml
                         : Reading weight file: BDT_run2/weights/TMVACrossValidation_BDTG_fold2.weights.xml
                         : Reading weightfile: BDT_run2/weights/TMVACrossValidation_BDTG_fold3.weights.xml
                         : Reading weight file: BDT_run2/weights/TMVACrossValidation_BDTG_fold3.weights.xml
                         : Reading weightfile: BDT_run2/weights/TMVACrossValidation_BDTG_fold4.weights.xml
                         : Reading weight file: BDT_run2/weights/TMVACrossValidation_BDTG_fold4.weights.xml
                         : Reading weightfile: BDT_run2/weights/TMVACrossValidation_BDTG_fold5.weights.xml
                         : Reading weight file: BDT_run2/weights/TMVACrossValidation_BDTG_fold5.weights.xml
                         : Booked classifier "BDTG" of type: "CrossValidation"
                         : Booking "BDTG" of type "CrossValidation" from BDT_run3/weights/TMVACrossValidation_BDTG.weights.xml.
                         : Reading weight file: BDT_run3/weights/TMVACrossValidation_BDTG.weights.xml
<HEADER> DataSetInfo              : [Default] : Added class "Signal"
<HEADER> DataSetInfo              : [Default] : Added class "Background"
                         : Reading weightfile: BDT_run3/weights/TMVACrossValidation_BDTG_fold1.weights.xml
                         : Reading weight file: BDT_run3/weights/TMVACrossValidation_BDTG_fold1.weights.xml
                         : Reading weightfile: BDT_run3/weights/TMVACrossValidation_BDTG_fold2.weights.xml
                         : Reading weight file: BDT_run3/weights/TMVACrossValidation_BDTG_fold2.weights.xml
                         : Reading weightfile: BDT_run3/weights/TMVACrossValidation_BDTG_fold3.weights.xml
                         : Reading weight file: BDT_run3/weights/TMVACrossValidation_BDTG_fold3.weights.xml
                         : Reading weightfile: BDT_run3/weights/TMVACrossValidation_BDTG_fold4.weights.xml
                         : Reading weight file: BDT_run3/weights/TMVACrossValidation_BDTG_fold4.weights.xml
                         : Reading weightfile: BDT_run3/weights/TMVACrossValidation_BDTG_fold5.weights.xml
                         : Reading weight file: BDT_run3/weights/TMVACrossValidation_BDTG_fold5.weights.xml
                         : Booked classifier "BDTG" of type: "CrossValidation"
59543 entries to be processed...
                         : Rebuilding Dataset Default
 Fiducial: 16565.37
Filter(1): 4574.00
Filter(2): 598129.38
  anaCode: 22286.43
   presel: 5906.50
   trigWt: 4825.25
     PuWt: 4878.75
   muIDWt: 4934.52
recoCorWt: 4769.43
      BDT: 4490.89
   trigSF: 4214.56
[MUON_medium_EFF_RECO_STAT_LOWPT] k=1 isRun3=0
  norm  eps2/eps1=0.41648859797845517  eps3/eps1=0.39023828749416895
  up    eps2/eps1=0.4164940594964412  eps3/eps1=0.39027530340632566
  down  eps2/eps1=0.4164851444285634  eps3/eps1=0.39020170907495344
  rel   eps2/eps1=+0.001%/-0.001%  eps3/eps1=+0.009%/-0.009%
=== MUON_medium_EFF_RECO_STAT_LOWPT_up_k1_isRun31_isBs21 ===

200000 entries to be processed...
5020000 entries to be processed...
                         : Booking "BDTG" of type "CrossValidation" from BDT_run2/weights/TMVACrossValidation_BDTG.weights.xml.
                         : Reading weight file: BDT_run2/weights/TMVACrossValidation_BDTG.weights.xml
<HEADER> DataSetInfo              : [Default] : Added class "Signal"
<HEADER> DataSetInfo              : [Default] : Added class "Background"
                         : Reading weightfile: BDT_run2/weights/TMVACrossValidation_BDTG_fold1.weights.xml
                         : Reading weight file: BDT_run2/weights/TMVACrossValidation_BDTG_fold1.weights.xml
                         : Reading weightfile: BDT_run2/weights/TMVACrossValidation_BDTG_fold2.weights.xml
                         : Reading weight file: BDT_run2/weights/TMVACrossValidation_BDTG_fold2.weights.xml
                         : Reading weightfile: BDT_run2/weights/TMVACrossValidation_BDTG_fold3.weights.xml
                         : Reading weight file: BDT_run2/weights/TMVACrossValidation_BDTG_fold3.weights.xml
                         : Reading weightfile: BDT_run2/weights/TMVACrossValidation_BDTG_fold4.weights.xml
                         : Reading weight file: BDT_run2/weights/TMVACrossValidation_BDTG_fold4.weights.xml
                         : Reading weightfile: BDT_run2/weights/TMVACrossValidation_BDTG_fold5.weights.xml
                         : Reading weight file: BDT_run2/weights/TMVACrossValidation_BDTG_fold5.weights.xml
                         : Booked classifier "BDTG" of type: "CrossValidation"
                         : Booking "BDTG" of type "CrossValidation" from BDT_run3/weights/TMVACrossValidation_BDTG.weights.xml.
                         : Reading weight file: BDT_run3/weights/TMVACrossValidation_BDTG.weights.xml
<HEADER> DataSetInfo              : [Default] : Added class "Signal"
<HEADER> DataSetInfo              : [Default] : Added class "Background"
                         : Reading weightfile: BDT_run3/weights/TMVACrossValidation_BDTG_fold1.weights.xml
                         : Reading weight file: BDT_run3/weights/TMVACrossValidation_BDTG_fold1.weights.xml
                         : Reading weightfile: BDT_run3/weights/TMVACrossValidation_BDTG_fold2.weights.xml
                         : Reading weight file: BDT_run3/weights/TMVACrossValidation_BDTG_fold2.weights.xml
                         : Reading weightfile: BDT_run3/weights/TMVACrossValidation_BDTG_fold3.weights.xml
                         : Reading weight file: BDT_run3/weights/TMVACrossValidation_BDTG_fold3.weights.xml
                         : Reading weightfile: BDT_run3/weights/TMVACrossValidation_BDTG_fold4.weights.xml
                         : Reading weight file: BDT_run3/weights/TMVACrossValidation_BDTG_fold4.weights.xml
                         : Reading weightfile: BDT_run3/weights/TMVACrossValidation_BDTG_fold5.weights.xml
                         : Reading weight file: BDT_run3/weights/TMVACrossValidation_BDTG_fold5.weights.xml
                         : Booked classifier "BDTG" of type: "CrossValidation"
254288 entries to be processed...
                         : Rebuilding Dataset Default
 Fiducial: 23610.89, 10232.54
Filter(1): 6805.84, 2863.12
Filter(2): 1935445.88, 828212.44
  anaCode: 74937.45, 32265.78
   presel: 17903.83, 7649.59
   trigWt: 15042.90, 6430.44
     PuWt: 15188.91, 6472.78
   muIDWt: 15005.28, 6392.71
recoCorWt: 15320.69, 6586.07
      BDT: 14476.73, 6183.27
   trigSF: 14414.57, 6163.59
=== MUON_medium_EFF_RECO_STAT_LOWPT_up_k1_isRun31_isBs20 ===

100000 entries to be processed...
1440000 entries to be processed...
                         : Booking "BDTG" of type "CrossValidation" from BDT_run2/weights/TMVACrossValidation_BDTG.weights.xml.
                         : Reading weight file: BDT_run2/weights/TMVACrossValidation_BDTG.weights.xml
<HEADER> DataSetInfo              : [Default] : Added class "Signal"
<HEADER> DataSetInfo              : [Default] : Added class "Background"
                         : Reading weightfile: BDT_run2/weights/TMVACrossValidation_BDTG_fold1.weights.xml
                         : Reading weight file: BDT_run2/weights/TMVACrossValidation_BDTG_fold1.weights.xml
                         : Reading weightfile: BDT_run2/weights/TMVACrossValidation_BDTG_fold2.weights.xml
                         : Reading weight file: BDT_run2/weights/TMVACrossValidation_BDTG_fold2.weights.xml
                         : Reading weightfile: BDT_run2/weights/TMVACrossValidation_BDTG_fold3.weights.xml
                         : Reading weight file: BDT_run2/weights/TMVACrossValidation_BDTG_fold3.weights.xml
                         : Reading weightfile: BDT_run2/weights/TMVACrossValidation_BDTG_fold4.weights.xml
                         : Reading weight file: BDT_run2/weights/TMVACrossValidation_BDTG_fold4.weights.xml
                         : Reading weightfile: BDT_run2/weights/TMVACrossValidation_BDTG_fold5.weights.xml
                         : Reading weight file: BDT_run2/weights/TMVACrossValidation_BDTG_fold5.weights.xml
                         : Booked classifier "BDTG" of type: "CrossValidation"
                         : Booking "BDTG" of type "CrossValidation" from BDT_run3/weights/TMVACrossValidation_BDTG.weights.xml.
                         : Reading weight file: BDT_run3/weights/TMVACrossValidation_BDTG.weights.xml
<HEADER> DataSetInfo              : [Default] : Added class "Signal"
<HEADER> DataSetInfo              : [Default] : Added class "Background"
                         : Reading weightfile: BDT_run3/weights/TMVACrossValidation_BDTG_fold1.weights.xml
                         : Reading weight file: BDT_run3/weights/TMVACrossValidation_BDTG_fold1.weights.xml
                         : Reading weightfile: BDT_run3/weights/TMVACrossValidation_BDTG_fold2.weights.xml
                         : Reading weight file: BDT_run3/weights/TMVACrossValidation_BDTG_fold2.weights.xml
                         : Reading weightfile: BDT_run3/weights/TMVACrossValidation_BDTG_fold3.weights.xml
                         : Reading weight file: BDT_run3/weights/TMVACrossValidation_BDTG_fold3.weights.xml
                         : Reading weightfile: BDT_run3/weights/TMVACrossValidation_BDTG_fold4.weights.xml
                         : Reading weight file: BDT_run3/weights/TMVACrossValidation_BDTG_fold4.weights.xml
                         : Reading weightfile: BDT_run3/weights/TMVACrossValidation_BDTG_fold5.weights.xml
                         : Reading weight file: BDT_run3/weights/TMVACrossValidation_BDTG_fold5.weights.xml
                         : Booked classifier "BDTG" of type: "CrossValidation"
72974 entries to be processed...
                         : Rebuilding Dataset Default
 Fiducial: 16615.79
Filter(1): 4867.88
Filter(2): 792907.12
  anaCode: 30322.86
   presel: 7234.55
   trigWt: 6106.08
     PuWt: 6259.63
   muIDWt: 6184.18
recoCorWt: 6402.53
      BDT: 5983.03
   trigSF: 5975.77
=== MUON_medium_EFF_RECO_STAT_LOWPT_dn_k1_isRun31_isBs21 ===

200000 entries to be processed...
5020000 entries to be processed...
                         : Booking "BDTG" of type "CrossValidation" from BDT_run2/weights/TMVACrossValidation_BDTG.weights.xml.
                         : Reading weight file: BDT_run2/weights/TMVACrossValidation_BDTG.weights.xml
<HEADER> DataSetInfo              : [Default] : Added class "Signal"
<HEADER> DataSetInfo              : [Default] : Added class "Background"
                         : Reading weightfile: BDT_run2/weights/TMVACrossValidation_BDTG_fold1.weights.xml
                         : Reading weight file: BDT_run2/weights/TMVACrossValidation_BDTG_fold1.weights.xml
                         : Reading weightfile: BDT_run2/weights/TMVACrossValidation_BDTG_fold2.weights.xml
                         : Reading weight file: BDT_run2/weights/TMVACrossValidation_BDTG_fold2.weights.xml
                         : Reading weightfile: BDT_run2/weights/TMVACrossValidation_BDTG_fold3.weights.xml
                         : Reading weight file: BDT_run2/weights/TMVACrossValidation_BDTG_fold3.weights.xml
                         : Reading weightfile: BDT_run2/weights/TMVACrossValidation_BDTG_fold4.weights.xml
                         : Reading weight file: BDT_run2/weights/TMVACrossValidation_BDTG_fold4.weights.xml
                         : Reading weightfile: BDT_run2/weights/TMVACrossValidation_BDTG_fold5.weights.xml
                         : Reading weight file: BDT_run2/weights/TMVACrossValidation_BDTG_fold5.weights.xml
                         : Booked classifier "BDTG" of type: "CrossValidation"
                         : Booking "BDTG" of type "CrossValidation" from BDT_run3/weights/TMVACrossValidation_BDTG.weights.xml.
                         : Reading weight file: BDT_run3/weights/TMVACrossValidation_BDTG.weights.xml
<HEADER> DataSetInfo              : [Default] : Added class "Signal"
<HEADER> DataSetInfo              : [Default] : Added class "Background"
                         : Reading weightfile: BDT_run3/weights/TMVACrossValidation_BDTG_fold1.weights.xml
                         : Reading weight file: BDT_run3/weights/TMVACrossValidation_BDTG_fold1.weights.xml
                         : Reading weightfile: BDT_run3/weights/TMVACrossValidation_BDTG_fold2.weights.xml
                         : Reading weight file: BDT_run3/weights/TMVACrossValidation_BDTG_fold2.weights.xml
                         : Reading weightfile: BDT_run3/weights/TMVACrossValidation_BDTG_fold3.weights.xml
                         : Reading weight file: BDT_run3/weights/TMVACrossValidation_BDTG_fold3.weights.xml
                         : Reading weightfile: BDT_run3/weights/TMVACrossValidation_BDTG_fold4.weights.xml
                         : Reading weight file: BDT_run3/weights/TMVACrossValidation_BDTG_fold4.weights.xml
                         : Reading weightfile: BDT_run3/weights/TMVACrossValidation_BDTG_fold5.weights.xml
                         : Reading weight file: BDT_run3/weights/TMVACrossValidation_BDTG_fold5.weights.xml
                         : Booked classifier "BDTG" of type: "CrossValidation"
254288 entries to be processed...
                         : Rebuilding Dataset Default
 Fiducial: 23610.89, 10232.54
Filter(1): 6805.84, 2863.12
Filter(2): 1935445.88, 828212.44
  anaCode: 74937.45, 32265.78
   presel: 17903.83, 7649.59
   trigWt: 15042.90, 6430.44
     PuWt: 15188.91, 6472.78
   muIDWt: 14845.70, 6325.39
recoCorWt: 15169.51, 6521.60
      BDT: 14336.55, 6124.55
   trigSF: 14277.01, 6105.89
=== MUON_medium_EFF_RECO_STAT_LOWPT_dn_k1_isRun31_isBs20 ===

100000 entries to be processed...
1440000 entries to be processed...
                         : Booking "BDTG" of type "CrossValidation" from BDT_run2/weights/TMVACrossValidation_BDTG.weights.xml.
                         : Reading weight file: BDT_run2/weights/TMVACrossValidation_BDTG.weights.xml
<HEADER> DataSetInfo              : [Default] : Added class "Signal"
<HEADER> DataSetInfo              : [Default] : Added class "Background"
                         : Reading weightfile: BDT_run2/weights/TMVACrossValidation_BDTG_fold1.weights.xml
                         : Reading weight file: BDT_run2/weights/TMVACrossValidation_BDTG_fold1.weights.xml
                         : Reading weightfile: BDT_run2/weights/TMVACrossValidation_BDTG_fold2.weights.xml
                         : Reading weight file: BDT_run2/weights/TMVACrossValidation_BDTG_fold2.weights.xml
                         : Reading weightfile: BDT_run2/weights/TMVACrossValidation_BDTG_fold3.weights.xml
                         : Reading weight file: BDT_run2/weights/TMVACrossValidation_BDTG_fold3.weights.xml
                         : Reading weightfile: BDT_run2/weights/TMVACrossValidation_BDTG_fold4.weights.xml
                         : Reading weight file: BDT_run2/weights/TMVACrossValidation_BDTG_fold4.weights.xml
                         : Reading weightfile: BDT_run2/weights/TMVACrossValidation_BDTG_fold5.weights.xml
                         : Reading weight file: BDT_run2/weights/TMVACrossValidation_BDTG_fold5.weights.xml
                         : Booked classifier "BDTG" of type: "CrossValidation"
                         : Booking "BDTG" of type "CrossValidation" from BDT_run3/weights/TMVACrossValidation_BDTG.weights.xml.
                         : Reading weight file: BDT_run3/weights/TMVACrossValidation_BDTG.weights.xml
<HEADER> DataSetInfo              : [Default] : Added class "Signal"
<HEADER> DataSetInfo              : [Default] : Added class "Background"
                         : Reading weightfile: BDT_run3/weights/TMVACrossValidation_BDTG_fold1.weights.xml
                         : Reading weight file: BDT_run3/weights/TMVACrossValidation_BDTG_fold1.weights.xml
                         : Reading weightfile: BDT_run3/weights/TMVACrossValidation_BDTG_fold2.weights.xml
                         : Reading weight file: BDT_run3/weights/TMVACrossValidation_BDTG_fold2.weights.xml
                         : Reading weightfile: BDT_run3/weights/TMVACrossValidation_BDTG_fold3.weights.xml
                         : Reading weight file: BDT_run3/weights/TMVACrossValidation_BDTG_fold3.weights.xml
                         : Reading weightfile: BDT_run3/weights/TMVACrossValidation_BDTG_fold4.weights.xml
                         : Reading weight file: BDT_run3/weights/TMVACrossValidation_BDTG_fold4.weights.xml
                         : Reading weightfile: BDT_run3/weights/TMVACrossValidation_BDTG_fold5.weights.xml
                         : Reading weight file: BDT_run3/weights/TMVACrossValidation_BDTG_fold5.weights.xml
                         : Booked classifier "BDTG" of type: "CrossValidation"
72974 entries to be processed...
                         : Rebuilding Dataset Default
 Fiducial: 16615.79
Filter(1): 4867.88
Filter(2): 792907.12
  anaCode: 30322.86
   presel: 7234.55
   trigWt: 6106.08
     PuWt: 6259.63
   muIDWt: 6120.16
recoCorWt: 6342.00
      BDT: 5928.08
   trigSF: 5921.69
[MUON_medium_EFF_RECO_STAT_LOWPT] k=1 isRun3=1
  norm  eps2/eps1=0.4271498914714912  eps3/eps1=0.41338189822190885
  up    eps2/eps1=0.42711786432433296  eps3/eps1=0.4132860114127983
  down  eps2/eps1=0.42719831479679565  eps3/eps1=0.4134941809570643
  rel   eps2/eps1=-0.007%/+0.011%  eps3/eps1=-0.023%/+0.027%
=== MUON_medium_EFF_RECO_SYS_up_k2_isRun30_isBs21 ===

200000 entries to be processed...
3940000 entries to be processed...
                         : Booking "BDTG" of type "CrossValidation" from BDT_run2/weights/TMVACrossValidation_BDTG.weights.xml.
                         : Reading weight file: BDT_run2/weights/TMVACrossValidation_BDTG.weights.xml
<HEADER> DataSetInfo              : [Default] : Added class "Signal"
<HEADER> DataSetInfo              : [Default] : Added class "Background"
                         : Reading weightfile: BDT_run2/weights/TMVACrossValidation_BDTG_fold1.weights.xml
                         : Reading weight file: BDT_run2/weights/TMVACrossValidation_BDTG_fold1.weights.xml
                         : Reading weightfile: BDT_run2/weights/TMVACrossValidation_BDTG_fold2.weights.xml
                         : Reading weight file: BDT_run2/weights/TMVACrossValidation_BDTG_fold2.weights.xml
                         : Reading weightfile: BDT_run2/weights/TMVACrossValidation_BDTG_fold3.weights.xml
                         : Reading weight file: BDT_run2/weights/TMVACrossValidation_BDTG_fold3.weights.xml
                         : Reading weightfile: BDT_run2/weights/TMVACrossValidation_BDTG_fold4.weights.xml
                         : Reading weight file: BDT_run2/weights/TMVACrossValidation_BDTG_fold4.weights.xml
                         : Reading weightfile: BDT_run2/weights/TMVACrossValidation_BDTG_fold5.weights.xml
                         : Reading weight file: BDT_run2/weights/TMVACrossValidation_BDTG_fold5.weights.xml
                         : Booked classifier "BDTG" of type: "CrossValidation"
                         : Booking "BDTG" of type "CrossValidation" from BDT_run3/weights/TMVACrossValidation_BDTG.weights.xml.
                         : Reading weight file: BDT_run3/weights/TMVACrossValidation_BDTG.weights.xml
<HEADER> DataSetInfo              : [Default] : Added class "Signal"
<HEADER> DataSetInfo              : [Default] : Added class "Background"
                         : Reading weightfile: BDT_run3/weights/TMVACrossValidation_BDTG_fold1.weights.xml
                         : Reading weight file: BDT_run3/weights/TMVACrossValidation_BDTG_fold1.weights.xml
                         : Reading weightfile: BDT_run3/weights/TMVACrossValidation_BDTG_fold2.weights.xml
                         : Reading weight file: BDT_run3/weights/TMVACrossValidation_BDTG_fold2.weights.xml
                         : Reading weightfile: BDT_run3/weights/TMVACrossValidation_BDTG_fold3.weights.xml
                         : Reading weight file: BDT_run3/weights/TMVACrossValidation_BDTG_fold3.weights.xml
                         : Reading weightfile: BDT_run3/weights/TMVACrossValidation_BDTG_fold4.weights.xml
                         : Reading weight file: BDT_run3/weights/TMVACrossValidation_BDTG_fold4.weights.xml
                         : Reading weightfile: BDT_run3/weights/TMVACrossValidation_BDTG_fold5.weights.xml
                         : Reading weight file: BDT_run3/weights/TMVACrossValidation_BDTG_fold5.weights.xml
                         : Booked classifier "BDTG" of type: "CrossValidation"
207600 entries to be processed...
                         : Rebuilding Dataset Default
 Fiducial: 23246.23, 9668.44
Filter(1): 6430.00, 2731.94
Filter(2): 1444789.38, 618564.12
  anaCode: 55362.69, 23504.99
   presel: 15078.15, 6325.59
   trigWt: 12124.72, 5113.65
     PuWt: 12213.46, 5163.51
   muIDWt: 12418.16, 5249.72
recoCorWt: 12289.40, 5113.20
      BDT: 11561.18, 4815.21
   trigSF: 10802.05, 4481.06
=== MUON_medium_EFF_RECO_SYS_up_k2_isRun30_isBs20 ===

100000 entries to be processed...
1140000 entries to be processed...
                         : Booking "BDTG" of type "CrossValidation" from BDT_run2/weights/TMVACrossValidation_BDTG.weights.xml.
                         : Reading weight file: BDT_run2/weights/TMVACrossValidation_BDTG.weights.xml
<HEADER> DataSetInfo              : [Default] : Added class "Signal"
<HEADER> DataSetInfo              : [Default] : Added class "Background"
                         : Reading weightfile: BDT_run2/weights/TMVACrossValidation_BDTG_fold1.weights.xml
                         : Reading weight file: BDT_run2/weights/TMVACrossValidation_BDTG_fold1.weights.xml
                         : Reading weightfile: BDT_run2/weights/TMVACrossValidation_BDTG_fold2.weights.xml
                         : Reading weight file: BDT_run2/weights/TMVACrossValidation_BDTG_fold2.weights.xml
                         : Reading weightfile: BDT_run2/weights/TMVACrossValidation_BDTG_fold3.weights.xml
                         : Reading weight file: BDT_run2/weights/TMVACrossValidation_BDTG_fold3.weights.xml
                         : Reading weightfile: BDT_run2/weights/TMVACrossValidation_BDTG_fold4.weights.xml
                         : Reading weight file: BDT_run2/weights/TMVACrossValidation_BDTG_fold4.weights.xml
                         : Reading weightfile: BDT_run2/weights/TMVACrossValidation_BDTG_fold5.weights.xml
                         : Reading weight file: BDT_run2/weights/TMVACrossValidation_BDTG_fold5.weights.xml
                         : Booked classifier "BDTG" of type: "CrossValidation"
                         : Booking "BDTG" of type "CrossValidation" from BDT_run3/weights/TMVACrossValidation_BDTG.weights.xml.
                         : Reading weight file: BDT_run3/weights/TMVACrossValidation_BDTG.weights.xml
<HEADER> DataSetInfo              : [Default] : Added class "Signal"
<HEADER> DataSetInfo              : [Default] : Added class "Background"
                         : Reading weightfile: BDT_run3/weights/TMVACrossValidation_BDTG_fold1.weights.xml
                         : Reading weight file: BDT_run3/weights/TMVACrossValidation_BDTG_fold1.weights.xml
                         : Reading weightfile: BDT_run3/weights/TMVACrossValidation_BDTG_fold2.weights.xml
                         : Reading weight file: BDT_run3/weights/TMVACrossValidation_BDTG_fold2.weights.xml
                         : Reading weightfile: BDT_run3/weights/TMVACrossValidation_BDTG_fold3.weights.xml
                         : Reading weight file: BDT_run3/weights/TMVACrossValidation_BDTG_fold3.weights.xml
                         : Reading weightfile: BDT_run3/weights/TMVACrossValidation_BDTG_fold4.weights.xml
                         : Reading weight file: BDT_run3/weights/TMVACrossValidation_BDTG_fold4.weights.xml
                         : Reading weightfile: BDT_run3/weights/TMVACrossValidation_BDTG_fold5.weights.xml
                         : Reading weight file: BDT_run3/weights/TMVACrossValidation_BDTG_fold5.weights.xml
                         : Booked classifier "BDTG" of type: "CrossValidation"
59543 entries to be processed...
                         : Rebuilding Dataset Default
 Fiducial: 16565.37
Filter(1): 4574.00
Filter(2): 598129.38
  anaCode: 22286.43
   presel: 5906.50
   trigWt: 4825.25
     PuWt: 4878.75
   muIDWt: 4957.51
recoCorWt: 4791.70
      BDT: 4511.79
   trigSF: 4234.77
=== MUON_medium_EFF_RECO_SYS_dn_k2_isRun30_isBs21 ===

200000 entries to be processed...
3940000 entries to be processed...
                         : Booking "BDTG" of type "CrossValidation" from BDT_run2/weights/TMVACrossValidation_BDTG.weights.xml.
                         : Reading weight file: BDT_run2/weights/TMVACrossValidation_BDTG.weights.xml
<HEADER> DataSetInfo              : [Default] : Added class "Signal"
<HEADER> DataSetInfo              : [Default] : Added class "Background"
                         : Reading weightfile: BDT_run2/weights/TMVACrossValidation_BDTG_fold1.weights.xml
                         : Reading weight file: BDT_run2/weights/TMVACrossValidation_BDTG_fold1.weights.xml
                         : Reading weightfile: BDT_run2/weights/TMVACrossValidation_BDTG_fold2.weights.xml
                         : Reading weight file: BDT_run2/weights/TMVACrossValidation_BDTG_fold2.weights.xml
                         : Reading weightfile: BDT_run2/weights/TMVACrossValidation_BDTG_fold3.weights.xml
                         : Reading weight file: BDT_run2/weights/TMVACrossValidation_BDTG_fold3.weights.xml
                         : Reading weightfile: BDT_run2/weights/TMVACrossValidation_BDTG_fold4.weights.xml
                         : Reading weight file: BDT_run2/weights/TMVACrossValidation_BDTG_fold4.weights.xml
                         : Reading weightfile: BDT_run2/weights/TMVACrossValidation_BDTG_fold5.weights.xml
                         : Reading weight file: BDT_run2/weights/TMVACrossValidation_BDTG_fold5.weights.xml
                         : Booked classifier "BDTG" of type: "CrossValidation"
                         : Booking "BDTG" of type "CrossValidation" from BDT_run3/weights/TMVACrossValidation_BDTG.weights.xml.
                         : Reading weight file: BDT_run3/weights/TMVACrossValidation_BDTG.weights.xml
<HEADER> DataSetInfo              : [Default] : Added class "Signal"
<HEADER> DataSetInfo              : [Default] : Added class "Background"
                         : Reading weightfile: BDT_run3/weights/TMVACrossValidation_BDTG_fold1.weights.xml
                         : Reading weight file: BDT_run3/weights/TMVACrossValidation_BDTG_fold1.weights.xml
                         : Reading weightfile: BDT_run3/weights/TMVACrossValidation_BDTG_fold2.weights.xml
                         : Reading weight file: BDT_run3/weights/TMVACrossValidation_BDTG_fold2.weights.xml
                         : Reading weightfile: BDT_run3/weights/TMVACrossValidation_BDTG_fold3.weights.xml
                         : Reading weight file: BDT_run3/weights/TMVACrossValidation_BDTG_fold3.weights.xml
                         : Reading weightfile: BDT_run3/weights/TMVACrossValidation_BDTG_fold4.weights.xml
                         : Reading weight file: BDT_run3/weights/TMVACrossValidation_BDTG_fold4.weights.xml
                         : Reading weightfile: BDT_run3/weights/TMVACrossValidation_BDTG_fold5.weights.xml
                         : Reading weight file: BDT_run3/weights/TMVACrossValidation_BDTG_fold5.weights.xml
                         : Booked classifier "BDTG" of type: "CrossValidation"
207600 entries to be processed...
                         : Rebuilding Dataset Default
 Fiducial: 23246.23, 9668.44
Filter(1): 6430.00, 2731.94
Filter(2): 1444789.38, 618564.12
  anaCode: 55362.69, 23504.99
   presel: 15078.15, 6325.59
   trigWt: 12124.72, 5113.65
     PuWt: 12213.46, 5163.51
   muIDWt: 12403.06, 5243.08
recoCorWt: 12275.81, 5107.32
      BDT: 11548.11, 4809.52
   trigSF: 10790.15, 4475.95
=== MUON_medium_EFF_RECO_SYS_dn_k2_isRun30_isBs20 ===

100000 entries to be processed...
1140000 entries to be processed...
                         : Booking "BDTG" of type "CrossValidation" from BDT_run2/weights/TMVACrossValidation_BDTG.weights.xml.
                         : Reading weight file: BDT_run2/weights/TMVACrossValidation_BDTG.weights.xml
<HEADER> DataSetInfo              : [Default] : Added class "Signal"
<HEADER> DataSetInfo              : [Default] : Added class "Background"
                         : Reading weightfile: BDT_run2/weights/TMVACrossValidation_BDTG_fold1.weights.xml
                         : Reading weight file: BDT_run2/weights/TMVACrossValidation_BDTG_fold1.weights.xml
                         : Reading weightfile: BDT_run2/weights/TMVACrossValidation_BDTG_fold2.weights.xml
                         : Reading weight file: BDT_run2/weights/TMVACrossValidation_BDTG_fold2.weights.xml
                         : Reading weightfile: BDT_run2/weights/TMVACrossValidation_BDTG_fold3.weights.xml
                         : Reading weight file: BDT_run2/weights/TMVACrossValidation_BDTG_fold3.weights.xml
                         : Reading weightfile: BDT_run2/weights/TMVACrossValidation_BDTG_fold4.weights.xml
                         : Reading weight file: BDT_run2/weights/TMVACrossValidation_BDTG_fold4.weights.xml
                         : Reading weightfile: BDT_run2/weights/TMVACrossValidation_BDTG_fold5.weights.xml
                         : Reading weight file: BDT_run2/weights/TMVACrossValidation_BDTG_fold5.weights.xml
                         : Booked classifier "BDTG" of type: "CrossValidation"
                         : Booking "BDTG" of type "CrossValidation" from BDT_run3/weights/TMVACrossValidation_BDTG.weights.xml.
                         : Reading weight file: BDT_run3/weights/TMVACrossValidation_BDTG.weights.xml
<HEADER> DataSetInfo              : [Default] : Added class "Signal"
<HEADER> DataSetInfo              : [Default] : Added class "Background"
                         : Reading weightfile: BDT_run3/weights/TMVACrossValidation_BDTG_fold1.weights.xml
                         : Reading weight file: BDT_run3/weights/TMVACrossValidation_BDTG_fold1.weights.xml
                         : Reading weightfile: BDT_run3/weights/TMVACrossValidation_BDTG_fold2.weights.xml
                         : Reading weight file: BDT_run3/weights/TMVACrossValidation_BDTG_fold2.weights.xml
                         : Reading weightfile: BDT_run3/weights/TMVACrossValidation_BDTG_fold3.weights.xml
                         : Reading weight file: BDT_run3/weights/TMVACrossValidation_BDTG_fold3.weights.xml
                         : Reading weightfile: BDT_run3/weights/TMVACrossValidation_BDTG_fold4.weights.xml
                         : Reading weight file: BDT_run3/weights/TMVACrossValidation_BDTG_fold4.weights.xml
                         : Reading weightfile: BDT_run3/weights/TMVACrossValidation_BDTG_fold5.weights.xml
                         : Reading weight file: BDT_run3/weights/TMVACrossValidation_BDTG_fold5.weights.xml
                         : Booked classifier "BDTG" of type: "CrossValidation"
59543 entries to be processed...
                         : Rebuilding Dataset Default
 Fiducial: 16565.37
Filter(1): 4574.00
Filter(2): 598129.38
  anaCode: 22286.43
   presel: 5906.50
   trigWt: 4825.25
     PuWt: 4878.75
   muIDWt: 4951.10
recoCorWt: 4786.02
      BDT: 4506.30
   trigSF: 4229.83
[MUON_medium_EFF_RECO_SYS] k=2 isRun3=0
  norm  eps2/eps1=0.41648859797845517  eps3/eps1=0.39023828749416895
  up    eps2/eps1=0.4164981429231272  eps3/eps1=0.39025341703874517
  down  eps2/eps1=0.41647680875918225  eps3/eps1=0.39021969828829134
  rel   eps2/eps1=+0.002%/-0.003%  eps3/eps1=+0.004%/-0.005%
=== MUON_medium_EFF_RECO_SYS_up_k2_isRun31_isBs21 ===

200000 entries to be processed...
5020000 entries to be processed...
                         : Booking "BDTG" of type "CrossValidation" from BDT_run2/weights/TMVACrossValidation_BDTG.weights.xml.
                         : Reading weight file: BDT_run2/weights/TMVACrossValidation_BDTG.weights.xml
<HEADER> DataSetInfo              : [Default] : Added class "Signal"
<HEADER> DataSetInfo              : [Default] : Added class "Background"
                         : Reading weightfile: BDT_run2/weights/TMVACrossValidation_BDTG_fold1.weights.xml
                         : Reading weight file: BDT_run2/weights/TMVACrossValidation_BDTG_fold1.weights.xml
                         : Reading weightfile: BDT_run2/weights/TMVACrossValidation_BDTG_fold2.weights.xml
                         : Reading weight file: BDT_run2/weights/TMVACrossValidation_BDTG_fold2.weights.xml
                         : Reading weightfile: BDT_run2/weights/TMVACrossValidation_BDTG_fold3.weights.xml
                         : Reading weight file: BDT_run2/weights/TMVACrossValidation_BDTG_fold3.weights.xml
                         : Reading weightfile: BDT_run2/weights/TMVACrossValidation_BDTG_fold4.weights.xml
                         : Reading weight file: BDT_run2/weights/TMVACrossValidation_BDTG_fold4.weights.xml
                         : Reading weightfile: BDT_run2/weights/TMVACrossValidation_BDTG_fold5.weights.xml
                         : Reading weight file: BDT_run2/weights/TMVACrossValidation_BDTG_fold5.weights.xml
                         : Booked classifier "BDTG" of type: "CrossValidation"
                         : Booking "BDTG" of type "CrossValidation" from BDT_run3/weights/TMVACrossValidation_BDTG.weights.xml.
                         : Reading weight file: BDT_run3/weights/TMVACrossValidation_BDTG.weights.xml
<HEADER> DataSetInfo              : [Default] : Added class "Signal"
<HEADER> DataSetInfo              : [Default] : Added class "Background"
                         : Reading weightfile: BDT_run3/weights/TMVACrossValidation_BDTG_fold1.weights.xml
                         : Reading weight file: BDT_run3/weights/TMVACrossValidation_BDTG_fold1.weights.xml
                         : Reading weightfile: BDT_run3/weights/TMVACrossValidation_BDTG_fold2.weights.xml
                         : Reading weight file: BDT_run3/weights/TMVACrossValidation_BDTG_fold2.weights.xml
                         : Reading weightfile: BDT_run3/weights/TMVACrossValidation_BDTG_fold3.weights.xml
                         : Reading weight file: BDT_run3/weights/TMVACrossValidation_BDTG_fold3.weights.xml
                         : Reading weightfile: BDT_run3/weights/TMVACrossValidation_BDTG_fold4.weights.xml
                         : Reading weight file: BDT_run3/weights/TMVACrossValidation_BDTG_fold4.weights.xml
                         : Reading weightfile: BDT_run3/weights/TMVACrossValidation_BDTG_fold5.weights.xml
                         : Reading weight file: BDT_run3/weights/TMVACrossValidation_BDTG_fold5.weights.xml
                         : Booked classifier "BDTG" of type: "CrossValidation"
254288 entries to be processed...
                         : Rebuilding Dataset Default
 Fiducial: 23610.89, 10232.54
Filter(1): 6805.84, 2863.12
Filter(2): 1935445.88, 828212.44
  anaCode: 74937.45, 32265.78
   presel: 17903.83, 7649.59
   trigWt: 15042.90, 6430.44
     PuWt: 15188.91, 6472.78
   muIDWt: 14968.35, 6377.70
recoCorWt: 15293.30, 6574.78
      BDT: 14452.92, 6174.08
   trigSF: 14391.73, 6154.83
=== MUON_medium_EFF_RECO_SYS_up_k2_isRun31_isBs20 ===

100000 entries to be processed...
1440000 entries to be processed...
                         : Booking "BDTG" of type "CrossValidation" from BDT_run2/weights/TMVACrossValidation_BDTG.weights.xml.
                         : Reading weight file: BDT_run2/weights/TMVACrossValidation_BDTG.weights.xml
<HEADER> DataSetInfo              : [Default] : Added class "Signal"
<HEADER> DataSetInfo              : [Default] : Added class "Background"
                         : Reading weightfile: BDT_run2/weights/TMVACrossValidation_BDTG_fold1.weights.xml
                         : Reading weight file: BDT_run2/weights/TMVACrossValidation_BDTG_fold1.weights.xml
                         : Reading weightfile: BDT_run2/weights/TMVACrossValidation_BDTG_fold2.weights.xml
                         : Reading weight file: BDT_run2/weights/TMVACrossValidation_BDTG_fold2.weights.xml
                         : Reading weightfile: BDT_run2/weights/TMVACrossValidation_BDTG_fold3.weights.xml
                         : Reading weight file: BDT_run2/weights/TMVACrossValidation_BDTG_fold3.weights.xml
                         : Reading weightfile: BDT_run2/weights/TMVACrossValidation_BDTG_fold4.weights.xml
                         : Reading weight file: BDT_run2/weights/TMVACrossValidation_BDTG_fold4.weights.xml
                         : Reading weightfile: BDT_run2/weights/TMVACrossValidation_BDTG_fold5.weights.xml
                         : Reading weight file: BDT_run2/weights/TMVACrossValidation_BDTG_fold5.weights.xml
                         : Booked classifier "BDTG" of type: "CrossValidation"
                         : Booking "BDTG" of type "CrossValidation" from BDT_run3/weights/TMVACrossValidation_BDTG.weights.xml.
                         : Reading weight file: BDT_run3/weights/TMVACrossValidation_BDTG.weights.xml
<HEADER> DataSetInfo              : [Default] : Added class "Signal"
<HEADER> DataSetInfo              : [Default] : Added class "Background"
                         : Reading weightfile: BDT_run3/weights/TMVACrossValidation_BDTG_fold1.weights.xml
                         : Reading weight file: BDT_run3/weights/TMVACrossValidation_BDTG_fold1.weights.xml
                         : Reading weightfile: BDT_run3/weights/TMVACrossValidation_BDTG_fold2.weights.xml
                         : Reading weight file: BDT_run3/weights/TMVACrossValidation_BDTG_fold2.weights.xml
                         : Reading weightfile: BDT_run3/weights/TMVACrossValidation_BDTG_fold3.weights.xml
                         : Reading weight file: BDT_run3/weights/TMVACrossValidation_BDTG_fold3.weights.xml
                         : Reading weightfile: BDT_run3/weights/TMVACrossValidation_BDTG_fold4.weights.xml
                         : Reading weight file: BDT_run3/weights/TMVACrossValidation_BDTG_fold4.weights.xml
                         : Reading weightfile: BDT_run3/weights/TMVACrossValidation_BDTG_fold5.weights.xml
                         : Reading weight file: BDT_run3/weights/TMVACrossValidation_BDTG_fold5.weights.xml
                         : Booked classifier "BDTG" of type: "CrossValidation"
72974 entries to be processed...
                         : Rebuilding Dataset Default
 Fiducial: 16615.79
Filter(1): 4867.88
Filter(2): 792907.12
  anaCode: 30322.86
   presel: 7234.55
   trigWt: 6106.08
     PuWt: 6259.63
   muIDWt: 6170.42
recoCorWt: 6392.93
      BDT: 5975.28
   trigSF: 5968.39
=== MUON_medium_EFF_RECO_SYS_dn_k2_isRun31_isBs21 ===

200000 entries to be processed...
5020000 entries to be processed...
                         : Booking "BDTG" of type "CrossValidation" from BDT_run2/weights/TMVACrossValidation_BDTG.weights.xml.
                         : Reading weight file: BDT_run2/weights/TMVACrossValidation_BDTG.weights.xml
<HEADER> DataSetInfo              : [Default] : Added class "Signal"
<HEADER> DataSetInfo              : [Default] : Added class "Background"
                         : Reading weightfile: BDT_run2/weights/TMVACrossValidation_BDTG_fold1.weights.xml
                         : Reading weight file: BDT_run2/weights/TMVACrossValidation_BDTG_fold1.weights.xml
                         : Reading weightfile: BDT_run2/weights/TMVACrossValidation_BDTG_fold2.weights.xml
                         : Reading weight file: BDT_run2/weights/TMVACrossValidation_BDTG_fold2.weights.xml
                         : Reading weightfile: BDT_run2/weights/TMVACrossValidation_BDTG_fold3.weights.xml
                         : Reading weight file: BDT_run2/weights/TMVACrossValidation_BDTG_fold3.weights.xml
                         : Reading weightfile: BDT_run2/weights/TMVACrossValidation_BDTG_fold4.weights.xml
                         : Reading weight file: BDT_run2/weights/TMVACrossValidation_BDTG_fold4.weights.xml
                         : Reading weightfile: BDT_run2/weights/TMVACrossValidation_BDTG_fold5.weights.xml
                         : Reading weight file: BDT_run2/weights/TMVACrossValidation_BDTG_fold5.weights.xml
                         : Booked classifier "BDTG" of type: "CrossValidation"
                         : Booking "BDTG" of type "CrossValidation" from BDT_run3/weights/TMVACrossValidation_BDTG.weights.xml.
                         : Reading weight file: BDT_run3/weights/TMVACrossValidation_BDTG.weights.xml
<HEADER> DataSetInfo              : [Default] : Added class "Signal"
<HEADER> DataSetInfo              : [Default] : Added class "Background"
                         : Reading weightfile: BDT_run3/weights/TMVACrossValidation_BDTG_fold1.weights.xml
                         : Reading weight file: BDT_run3/weights/TMVACrossValidation_BDTG_fold1.weights.xml
                         : Reading weightfile: BDT_run3/weights/TMVACrossValidation_BDTG_fold2.weights.xml
                         : Reading weight file: BDT_run3/weights/TMVACrossValidation_BDTG_fold2.weights.xml
                         : Reading weightfile: BDT_run3/weights/TMVACrossValidation_BDTG_fold3.weights.xml
                         : Reading weight file: BDT_run3/weights/TMVACrossValidation_BDTG_fold3.weights.xml
                         : Reading weightfile: BDT_run3/weights/TMVACrossValidation_BDTG_fold4.weights.xml
                         : Reading weight file: BDT_run3/weights/TMVACrossValidation_BDTG_fold4.weights.xml
                         : Reading weightfile: BDT_run3/weights/TMVACrossValidation_BDTG_fold5.weights.xml
                         : Reading weight file: BDT_run3/weights/TMVACrossValidation_BDTG_fold5.weights.xml
                         : Booked classifier "BDTG" of type: "CrossValidation"
254288 entries to be processed...
                         : Rebuilding Dataset Default
 Fiducial: 23610.89, 10232.54
Filter(1): 6805.84, 2863.12
Filter(2): 1935445.88, 828212.44
  anaCode: 74937.45, 32265.78
   presel: 17903.83, 7649.59
   trigWt: 15042.90, 6430.44
     PuWt: 15188.91, 6472.78
   muIDWt: 14891.82, 6344.18
recoCorWt: 15206.20, 6536.61
      BDT: 14369.01, 6137.24
   trigSF: 14308.07, 6118.00
=== MUON_medium_EFF_RECO_SYS_dn_k2_isRun31_isBs20 ===

100000 entries to be processed...
1440000 entries to be processed...
                         : Booking "BDTG" of type "CrossValidation" from BDT_run2/weights/TMVACrossValidation_BDTG.weights.xml.
                         : Reading weight file: BDT_run2/weights/TMVACrossValidation_BDTG.weights.xml
<HEADER> DataSetInfo              : [Default] : Added class "Signal"
<HEADER> DataSetInfo              : [Default] : Added class "Background"
                         : Reading weightfile: BDT_run2/weights/TMVACrossValidation_BDTG_fold1.weights.xml
                         : Reading weight file: BDT_run2/weights/TMVACrossValidation_BDTG_fold1.weights.xml
                         : Reading weightfile: BDT_run2/weights/TMVACrossValidation_BDTG_fold2.weights.xml
                         : Reading weight file: BDT_run2/weights/TMVACrossValidation_BDTG_fold2.weights.xml
                         : Reading weightfile: BDT_run2/weights/TMVACrossValidation_BDTG_fold3.weights.xml
                         : Reading weight file: BDT_run2/weights/TMVACrossValidation_BDTG_fold3.weights.xml
                         : Reading weightfile: BDT_run2/weights/TMVACrossValidation_BDTG_fold4.weights.xml
                         : Reading weight file: BDT_run2/weights/TMVACrossValidation_BDTG_fold4.weights.xml
                         : Reading weightfile: BDT_run2/weights/TMVACrossValidation_BDTG_fold5.weights.xml
                         : Reading weight file: BDT_run2/weights/TMVACrossValidation_BDTG_fold5.weights.xml
                         : Booked classifier "BDTG" of type: "CrossValidation"
                         : Booking "BDTG" of type "CrossValidation" from BDT_run3/weights/TMVACrossValidation_BDTG.weights.xml.
                         : Reading weight file: BDT_run3/weights/TMVACrossValidation_BDTG.weights.xml
<HEADER> DataSetInfo              : [Default] : Added class "Signal"
<HEADER> DataSetInfo              : [Default] : Added class "Background"
                         : Reading weightfile: BDT_run3/weights/TMVACrossValidation_BDTG_fold1.weights.xml
                         : Reading weight file: BDT_run3/weights/TMVACrossValidation_BDTG_fold1.weights.xml
                         : Reading weightfile: BDT_run3/weights/TMVACrossValidation_BDTG_fold2.weights.xml
                         : Reading weight file: BDT_run3/weights/TMVACrossValidation_BDTG_fold2.weights.xml
                         : Reading weightfile: BDT_run3/weights/TMVACrossValidation_BDTG_fold3.weights.xml
                         : Reading weight file: BDT_run3/weights/TMVACrossValidation_BDTG_fold3.weights.xml
                         : Reading weightfile: BDT_run3/weights/TMVACrossValidation_BDTG_fold4.weights.xml
                         : Reading weight file: BDT_run3/weights/TMVACrossValidation_BDTG_fold4.weights.xml
                         : Reading weightfile: BDT_run3/weights/TMVACrossValidation_BDTG_fold5.weights.xml
                         : Reading weight file: BDT_run3/weights/TMVACrossValidation_BDTG_fold5.weights.xml
                         : Booked classifier "BDTG" of type: "CrossValidation"
72974 entries to be processed...
                         : Rebuilding Dataset Default
 Fiducial: 16615.79
Filter(1): 4867.88
Filter(2): 792907.12
  anaCode: 30322.86
   presel: 7234.55
   trigWt: 6106.08
     PuWt: 6259.63
   muIDWt: 6137.55
recoCorWt: 6355.27
      BDT: 5939.18
   trigSF: 5932.25
[MUON_medium_EFF_RECO_SYS] k=2 isRun3=1
  norm  eps2/eps1=0.4271498914714912  eps3/eps1=0.41338189822190885
  up    eps2/eps1=0.42718564829806016  eps3/eps1=0.4134306423892196
  down  eps2/eps1=0.4271164123346006  eps3/eps1=0.41333258171578974
  rel   eps2/eps1=+0.008%/-0.008%  eps3/eps1=+0.012%/-0.012%
=== MUON_medium_EFF_RECO_SYS_LOWPT_up_k3_isRun30_isBs21 ===

200000 entries to be processed...
3940000 entries to be processed...
                         : Booking "BDTG" of type "CrossValidation" from BDT_run2/weights/TMVACrossValidation_BDTG.weights.xml.
                         : Reading weight file: BDT_run2/weights/TMVACrossValidation_BDTG.weights.xml
<HEADER> DataSetInfo              : [Default] : Added class "Signal"
<HEADER> DataSetInfo              : [Default] : Added class "Background"
                         : Reading weightfile: BDT_run2/weights/TMVACrossValidation_BDTG_fold1.weights.xml
                         : Reading weight file: BDT_run2/weights/TMVACrossValidation_BDTG_fold1.weights.xml
                         : Reading weightfile: BDT_run2/weights/TMVACrossValidation_BDTG_fold2.weights.xml
                         : Reading weight file: BDT_run2/weights/TMVACrossValidation_BDTG_fold2.weights.xml
                         : Reading weightfile: BDT_run2/weights/TMVACrossValidation_BDTG_fold3.weights.xml
                         : Reading weight file: BDT_run2/weights/TMVACrossValidation_BDTG_fold3.weights.xml
                         : Reading weightfile: BDT_run2/weights/TMVACrossValidation_BDTG_fold4.weights.xml
                         : Reading weight file: BDT_run2/weights/TMVACrossValidation_BDTG_fold4.weights.xml
                         : Reading weightfile: BDT_run2/weights/TMVACrossValidation_BDTG_fold5.weights.xml
                         : Reading weight file: BDT_run2/weights/TMVACrossValidation_BDTG_fold5.weights.xml
                         : Booked classifier "BDTG" of type: "CrossValidation"
                         : Booking "BDTG" of type "CrossValidation" from BDT_run3/weights/TMVACrossValidation_BDTG.weights.xml.
                         : Reading weight file: BDT_run3/weights/TMVACrossValidation_BDTG.weights.xml
<HEADER> DataSetInfo              : [Default] : Added class "Signal"
<HEADER> DataSetInfo              : [Default] : Added class "Background"
                         : Reading weightfile: BDT_run3/weights/TMVACrossValidation_BDTG_fold1.weights.xml
                         : Reading weight file: BDT_run3/weights/TMVACrossValidation_BDTG_fold1.weights.xml
                         : Reading weightfile: BDT_run3/weights/TMVACrossValidation_BDTG_fold2.weights.xml
                         : Reading weight file: BDT_run3/weights/TMVACrossValidation_BDTG_fold2.weights.xml
                         : Reading weightfile: BDT_run3/weights/TMVACrossValidation_BDTG_fold3.weights.xml
                         : Reading weight file: BDT_run3/weights/TMVACrossValidation_BDTG_fold3.weights.xml
                         : Reading weightfile: BDT_run3/weights/TMVACrossValidation_BDTG_fold4.weights.xml
                         : Reading weight file: BDT_run3/weights/TMVACrossValidation_BDTG_fold4.weights.xml
                         : Reading weightfile: BDT_run3/weights/TMVACrossValidation_BDTG_fold5.weights.xml
                         : Reading weight file: BDT_run3/weights/TMVACrossValidation_BDTG_fold5.weights.xml
                         : Booked classifier "BDTG" of type: "CrossValidation"
207600 entries to be processed...
                         : Rebuilding Dataset Default
 Fiducial: 23246.23, 9668.44
Filter(1): 6430.00, 2731.94
Filter(2): 1444789.38, 618564.12
  anaCode: 55362.69, 23504.99
   presel: 15078.15, 6325.59
   trigWt: 12124.72, 5113.65
     PuWt: 12213.46, 5163.51
   muIDWt: 12525.35, 5294.56
recoCorWt: 12397.59, 5157.81
      BDT: 11662.10, 4856.62
   trigSF: 10896.49, 4519.45
=== MUON_medium_EFF_RECO_SYS_LOWPT_up_k3_isRun30_isBs20 ===

100000 entries to be processed...
1140000 entries to be processed...
                         : Booking "BDTG" of type "CrossValidation" from BDT_run2/weights/TMVACrossValidation_BDTG.weights.xml.
                         : Reading weight file: BDT_run2/weights/TMVACrossValidation_BDTG.weights.xml
<HEADER> DataSetInfo              : [Default] : Added class "Signal"
<HEADER> DataSetInfo              : [Default] : Added class "Background"
                         : Reading weightfile: BDT_run2/weights/TMVACrossValidation_BDTG_fold1.weights.xml
                         : Reading weight file: BDT_run2/weights/TMVACrossValidation_BDTG_fold1.weights.xml
                         : Reading weightfile: BDT_run2/weights/TMVACrossValidation_BDTG_fold2.weights.xml
                         : Reading weight file: BDT_run2/weights/TMVACrossValidation_BDTG_fold2.weights.xml
                         : Reading weightfile: BDT_run2/weights/TMVACrossValidation_BDTG_fold3.weights.xml
                         : Reading weight file: BDT_run2/weights/TMVACrossValidation_BDTG_fold3.weights.xml
                         : Reading weightfile: BDT_run2/weights/TMVACrossValidation_BDTG_fold4.weights.xml
                         : Reading weight file: BDT_run2/weights/TMVACrossValidation_BDTG_fold4.weights.xml
                         : Reading weightfile: BDT_run2/weights/TMVACrossValidation_BDTG_fold5.weights.xml
                         : Reading weight file: BDT_run2/weights/TMVACrossValidation_BDTG_fold5.weights.xml
                         : Booked classifier "BDTG" of type: "CrossValidation"
                         : Booking "BDTG" of type "CrossValidation" from BDT_run3/weights/TMVACrossValidation_BDTG.weights.xml.
                         : Reading weight file: BDT_run3/weights/TMVACrossValidation_BDTG.weights.xml
<HEADER> DataSetInfo              : [Default] : Added class "Signal"
<HEADER> DataSetInfo              : [Default] : Added class "Background"
                         : Reading weightfile: BDT_run3/weights/TMVACrossValidation_BDTG_fold1.weights.xml
                         : Reading weight file: BDT_run3/weights/TMVACrossValidation_BDTG_fold1.weights.xml
                         : Reading weightfile: BDT_run3/weights/TMVACrossValidation_BDTG_fold2.weights.xml
                         : Reading weight file: BDT_run3/weights/TMVACrossValidation_BDTG_fold2.weights.xml
                         : Reading weightfile: BDT_run3/weights/TMVACrossValidation_BDTG_fold3.weights.xml
                         : Reading weight file: BDT_run3/weights/TMVACrossValidation_BDTG_fold3.weights.xml
                         : Reading weightfile: BDT_run3/weights/TMVACrossValidation_BDTG_fold4.weights.xml
                         : Reading weight file: BDT_run3/weights/TMVACrossValidation_BDTG_fold4.weights.xml
                         : Reading weightfile: BDT_run3/weights/TMVACrossValidation_BDTG_fold5.weights.xml
                         : Reading weight file: BDT_run3/weights/TMVACrossValidation_BDTG_fold5.weights.xml
                         : Booked classifier "BDTG" of type: "CrossValidation"
59543 entries to be processed...
                         : Rebuilding Dataset Default
 Fiducial: 16565.37
Filter(1): 4574.00
Filter(2): 598129.38
  anaCode: 22286.43
   presel: 5906.50
   trigWt: 4825.25
     PuWt: 4878.75
   muIDWt: 4999.31
recoCorWt: 4833.23
      BDT: 4550.47
   trigSF: 4271.23
=== MUON_medium_EFF_RECO_SYS_LOWPT_dn_k3_isRun30_isBs21 ===

200000 entries to be processed...
3940000 entries to be processed...
                         : Booking "BDTG" of type "CrossValidation" from BDT_run2/weights/TMVACrossValidation_BDTG.weights.xml.
                         : Reading weight file: BDT_run2/weights/TMVACrossValidation_BDTG.weights.xml
<HEADER> DataSetInfo              : [Default] : Added class "Signal"
<HEADER> DataSetInfo              : [Default] : Added class "Background"
                         : Reading weightfile: BDT_run2/weights/TMVACrossValidation_BDTG_fold1.weights.xml
                         : Reading weight file: BDT_run2/weights/TMVACrossValidation_BDTG_fold1.weights.xml
                         : Reading weightfile: BDT_run2/weights/TMVACrossValidation_BDTG_fold2.weights.xml
                         : Reading weight file: BDT_run2/weights/TMVACrossValidation_BDTG_fold2.weights.xml
                         : Reading weightfile: BDT_run2/weights/TMVACrossValidation_BDTG_fold3.weights.xml
                         : Reading weight file: BDT_run2/weights/TMVACrossValidation_BDTG_fold3.weights.xml
                         : Reading weightfile: BDT_run2/weights/TMVACrossValidation_BDTG_fold4.weights.xml
                         : Reading weight file: BDT_run2/weights/TMVACrossValidation_BDTG_fold4.weights.xml
                         : Reading weightfile: BDT_run2/weights/TMVACrossValidation_BDTG_fold5.weights.xml
                         : Reading weight file: BDT_run2/weights/TMVACrossValidation_BDTG_fold5.weights.xml
                         : Booked classifier "BDTG" of type: "CrossValidation"
                         : Booking "BDTG" of type "CrossValidation" from BDT_run3/weights/TMVACrossValidation_BDTG.weights.xml.
                         : Reading weight file: BDT_run3/weights/TMVACrossValidation_BDTG.weights.xml
<HEADER> DataSetInfo              : [Default] : Added class "Signal"
<HEADER> DataSetInfo              : [Default] : Added class "Background"
                         : Reading weightfile: BDT_run3/weights/TMVACrossValidation_BDTG_fold1.weights.xml
                         : Reading weight file: BDT_run3/weights/TMVACrossValidation_BDTG_fold1.weights.xml
                         : Reading weightfile: BDT_run3/weights/TMVACrossValidation_BDTG_fold2.weights.xml
                         : Reading weight file: BDT_run3/weights/TMVACrossValidation_BDTG_fold2.weights.xml
                         : Reading weightfile: BDT_run3/weights/TMVACrossValidation_BDTG_fold3.weights.xml
                         : Reading weight file: BDT_run3/weights/TMVACrossValidation_BDTG_fold3.weights.xml
                         : Reading weightfile: BDT_run3/weights/TMVACrossValidation_BDTG_fold4.weights.xml
                         : Reading weight file: BDT_run3/weights/TMVACrossValidation_BDTG_fold4.weights.xml
                         : Reading weightfile: BDT_run3/weights/TMVACrossValidation_BDTG_fold5.weights.xml
                         : Reading weight file: BDT_run3/weights/TMVACrossValidation_BDTG_fold5.weights.xml
                         : Booked classifier "BDTG" of type: "CrossValidation"
207600 entries to be processed...
                         : Rebuilding Dataset Default
 Fiducial: 23246.23, 9668.44
Filter(1): 6430.00, 2731.94
Filter(2): 1444789.38, 618564.12
  anaCode: 55362.69, 23504.99
   presel: 15078.15, 6325.59
   trigWt: 12124.72, 5113.65
     PuWt: 12213.46, 5163.51
   muIDWt: 12296.21, 5198.38
recoCorWt: 12167.94, 5062.83
      BDT: 11447.51, 4768.22
   trigSF: 10696.02, 4437.69
=== MUON_medium_EFF_RECO_SYS_LOWPT_dn_k3_isRun30_isBs20 ===

100000 entries to be processed...
1140000 entries to be processed...
                         : Booking "BDTG" of type "CrossValidation" from BDT_run2/weights/TMVACrossValidation_BDTG.weights.xml.
                         : Reading weight file: BDT_run2/weights/TMVACrossValidation_BDTG.weights.xml
<HEADER> DataSetInfo              : [Default] : Added class "Signal"
<HEADER> DataSetInfo              : [Default] : Added class "Background"
                         : Reading weightfile: BDT_run2/weights/TMVACrossValidation_BDTG_fold1.weights.xml
                         : Reading weight file: BDT_run2/weights/TMVACrossValidation_BDTG_fold1.weights.xml
                         : Reading weightfile: BDT_run2/weights/TMVACrossValidation_BDTG_fold2.weights.xml
                         : Reading weight file: BDT_run2/weights/TMVACrossValidation_BDTG_fold2.weights.xml
                         : Reading weightfile: BDT_run2/weights/TMVACrossValidation_BDTG_fold3.weights.xml
                         : Reading weight file: BDT_run2/weights/TMVACrossValidation_BDTG_fold3.weights.xml
                         : Reading weightfile: BDT_run2/weights/TMVACrossValidation_BDTG_fold4.weights.xml
                         : Reading weight file: BDT_run2/weights/TMVACrossValidation_BDTG_fold4.weights.xml
                         : Reading weightfile: BDT_run2/weights/TMVACrossValidation_BDTG_fold5.weights.xml
                         : Reading weight file: BDT_run2/weights/TMVACrossValidation_BDTG_fold5.weights.xml
                         : Booked classifier "BDTG" of type: "CrossValidation"
                         : Booking "BDTG" of type "CrossValidation" from BDT_run3/weights/TMVACrossValidation_BDTG.weights.xml.
                         : Reading weight file: BDT_run3/weights/TMVACrossValidation_BDTG.weights.xml
<HEADER> DataSetInfo              : [Default] : Added class "Signal"
<HEADER> DataSetInfo              : [Default] : Added class "Background"
                         : Reading weightfile: BDT_run3/weights/TMVACrossValidation_BDTG_fold1.weights.xml
                         : Reading weight file: BDT_run3/weights/TMVACrossValidation_BDTG_fold1.weights.xml
                         : Reading weightfile: BDT_run3/weights/TMVACrossValidation_BDTG_fold2.weights.xml
                         : Reading weight file: BDT_run3/weights/TMVACrossValidation_BDTG_fold2.weights.xml
                         : Reading weightfile: BDT_run3/weights/TMVACrossValidation_BDTG_fold3.weights.xml
                         : Reading weight file: BDT_run3/weights/TMVACrossValidation_BDTG_fold3.weights.xml
                         : Reading weightfile: BDT_run3/weights/TMVACrossValidation_BDTG_fold4.weights.xml
                         : Reading weight file: BDT_run3/weights/TMVACrossValidation_BDTG_fold4.weights.xml
                         : Reading weightfile: BDT_run3/weights/TMVACrossValidation_BDTG_fold5.weights.xml
                         : Reading weight file: BDT_run3/weights/TMVACrossValidation_BDTG_fold5.weights.xml
                         : Booked classifier "BDTG" of type: "CrossValidation"
59543 entries to be processed...
                         : Rebuilding Dataset Default
 Fiducial: 16565.37
Filter(1): 4574.00
Filter(2): 598129.38
  anaCode: 22286.43
   presel: 5906.50
   trigWt: 4825.25
     PuWt: 4878.75
   muIDWt: 4909.43
recoCorWt: 4744.66
      BDT: 4467.79
   trigSF: 4193.46
[MUON_medium_EFF_RECO_SYS_LOWPT] k=3 isRun3=0
  norm  eps2/eps1=0.41648859797845517  eps3/eps1=0.39023828749416895
  up    eps2/eps1=0.41644472264857957  eps3/eps1=0.3901930184100634
  down  eps2/eps1=0.4165290093653555  eps3/eps1=0.390284874177878
  rel   eps2/eps1=-0.011%/+0.010%  eps3/eps1=-0.012%/+0.012%
=== MUON_medium_EFF_RECO_SYS_LOWPT_up_k3_isRun31_isBs21 ===

200000 entries to be processed...
5020000 entries to be processed...
                         : Booking "BDTG" of type "CrossValidation" from BDT_run2/weights/TMVACrossValidation_BDTG.weights.xml.
                         : Reading weight file: BDT_run2/weights/TMVACrossValidation_BDTG.weights.xml
<HEADER> DataSetInfo              : [Default] : Added class "Signal"
<HEADER> DataSetInfo              : [Default] : Added class "Background"
                         : Reading weightfile: BDT_run2/weights/TMVACrossValidation_BDTG_fold1.weights.xml
                         : Reading weight file: BDT_run2/weights/TMVACrossValidation_BDTG_fold1.weights.xml
                         : Reading weightfile: BDT_run2/weights/TMVACrossValidation_BDTG_fold2.weights.xml
                         : Reading weight file: BDT_run2/weights/TMVACrossValidation_BDTG_fold2.weights.xml
                         : Reading weightfile: BDT_run2/weights/TMVACrossValidation_BDTG_fold3.weights.xml
                         : Reading weight file: BDT_run2/weights/TMVACrossValidation_BDTG_fold3.weights.xml
                         : Reading weightfile: BDT_run2/weights/TMVACrossValidation_BDTG_fold4.weights.xml
                         : Reading weight file: BDT_run2/weights/TMVACrossValidation_BDTG_fold4.weights.xml
                         : Reading weightfile: BDT_run2/weights/TMVACrossValidation_BDTG_fold5.weights.xml
                         : Reading weight file: BDT_run2/weights/TMVACrossValidation_BDTG_fold5.weights.xml
                         : Booked classifier "BDTG" of type: "CrossValidation"
                         : Booking "BDTG" of type "CrossValidation" from BDT_run3/weights/TMVACrossValidation_BDTG.weights.xml.
                         : Reading weight file: BDT_run3/weights/TMVACrossValidation_BDTG.weights.xml
<HEADER> DataSetInfo              : [Default] : Added class "Signal"
<HEADER> DataSetInfo              : [Default] : Added class "Background"
                         : Reading weightfile: BDT_run3/weights/TMVACrossValidation_BDTG_fold1.weights.xml
                         : Reading weight file: BDT_run3/weights/TMVACrossValidation_BDTG_fold1.weights.xml
                         : Reading weightfile: BDT_run3/weights/TMVACrossValidation_BDTG_fold2.weights.xml
                         : Reading weight file: BDT_run3/weights/TMVACrossValidation_BDTG_fold2.weights.xml
                         : Reading weightfile: BDT_run3/weights/TMVACrossValidation_BDTG_fold3.weights.xml
                         : Reading weight file: BDT_run3/weights/TMVACrossValidation_BDTG_fold3.weights.xml
                         : Reading weightfile: BDT_run3/weights/TMVACrossValidation_BDTG_fold4.weights.xml
                         : Reading weight file: BDT_run3/weights/TMVACrossValidation_BDTG_fold4.weights.xml
                         : Reading weightfile: BDT_run3/weights/TMVACrossValidation_BDTG_fold5.weights.xml
                         : Reading weight file: BDT_run3/weights/TMVACrossValidation_BDTG_fold5.weights.xml
                         : Booked classifier "BDTG" of type: "CrossValidation"
254288 entries to be processed...
                         : Rebuilding Dataset Default
 Fiducial: 23610.89, 10232.54
Filter(1): 6805.84, 2863.12
Filter(2): 1935445.88, 828212.44
  anaCode: 74937.45, 32265.78
   presel: 17903.83, 7649.59
   trigWt: 15042.90, 6430.44
     PuWt: 15188.91, 6472.78
   muIDWt: 15039.94, 6407.52
recoCorWt: 15351.83, 6599.20
      BDT: 14505.43, 6195.33
   trigSF: 14444.03, 6176.02
=== MUON_medium_EFF_RECO_SYS_LOWPT_up_k3_isRun31_isBs20 ===

100000 entries to be processed...
1440000 entries to be processed...
                         : Booking "BDTG" of type "CrossValidation" from BDT_run2/weights/TMVACrossValidation_BDTG.weights.xml.
                         : Reading weight file: BDT_run2/weights/TMVACrossValidation_BDTG.weights.xml
<HEADER> DataSetInfo              : [Default] : Added class "Signal"
<HEADER> DataSetInfo              : [Default] : Added class "Background"
                         : Reading weightfile: BDT_run2/weights/TMVACrossValidation_BDTG_fold1.weights.xml
                         : Reading weight file: BDT_run2/weights/TMVACrossValidation_BDTG_fold1.weights.xml
                         : Reading weightfile: BDT_run2/weights/TMVACrossValidation_BDTG_fold2.weights.xml
                         : Reading weight file: BDT_run2/weights/TMVACrossValidation_BDTG_fold2.weights.xml
                         : Reading weightfile: BDT_run2/weights/TMVACrossValidation_BDTG_fold3.weights.xml
                         : Reading weight file: BDT_run2/weights/TMVACrossValidation_BDTG_fold3.weights.xml
                         : Reading weightfile: BDT_run2/weights/TMVACrossValidation_BDTG_fold4.weights.xml
                         : Reading weight file: BDT_run2/weights/TMVACrossValidation_BDTG_fold4.weights.xml
                         : Reading weightfile: BDT_run2/weights/TMVACrossValidation_BDTG_fold5.weights.xml
                         : Reading weight file: BDT_run2/weights/TMVACrossValidation_BDTG_fold5.weights.xml
                         : Booked classifier "BDTG" of type: "CrossValidation"
                         : Booking "BDTG" of type "CrossValidation" from BDT_run3/weights/TMVACrossValidation_BDTG.weights.xml.
                         : Reading weight file: BDT_run3/weights/TMVACrossValidation_BDTG.weights.xml
<HEADER> DataSetInfo              : [Default] : Added class "Signal"
<HEADER> DataSetInfo              : [Default] : Added class "Background"
                         : Reading weightfile: BDT_run3/weights/TMVACrossValidation_BDTG_fold1.weights.xml
                         : Reading weight file: BDT_run3/weights/TMVACrossValidation_BDTG_fold1.weights.xml
                         : Reading weightfile: BDT_run3/weights/TMVACrossValidation_BDTG_fold2.weights.xml
                         : Reading weight file: BDT_run3/weights/TMVACrossValidation_BDTG_fold2.weights.xml
                         : Reading weightfile: BDT_run3/weights/TMVACrossValidation_BDTG_fold3.weights.xml
                         : Reading weight file: BDT_run3/weights/TMVACrossValidation_BDTG_fold3.weights.xml
                         : Reading weightfile: BDT_run3/weights/TMVACrossValidation_BDTG_fold4.weights.xml
                         : Reading weight file: BDT_run3/weights/TMVACrossValidation_BDTG_fold4.weights.xml
                         : Reading weightfile: BDT_run3/weights/TMVACrossValidation_BDTG_fold5.weights.xml
                         : Reading weight file: BDT_run3/weights/TMVACrossValidation_BDTG_fold5.weights.xml
                         : Booked classifier "BDTG" of type: "CrossValidation"
72974 entries to be processed...
                         : Rebuilding Dataset Default
 Fiducial: 16615.79
Filter(1): 4867.88
Filter(2): 792907.12
  anaCode: 30322.86
   presel: 7234.55
   trigWt: 6106.08
     PuWt: 6259.63
   muIDWt: 6198.06
recoCorWt: 6415.30
      BDT: 5994.81
   trigSF: 5987.92
=== MUON_medium_EFF_RECO_SYS_LOWPT_dn_k3_isRun31_isBs21 ===

200000 entries to be processed...
5020000 entries to be processed...
                         : Booking "BDTG" of type "CrossValidation" from BDT_run2/weights/TMVACrossValidation_BDTG.weights.xml.
                         : Reading weight file: BDT_run2/weights/TMVACrossValidation_BDTG.weights.xml
<HEADER> DataSetInfo              : [Default] : Added class "Signal"
<HEADER> DataSetInfo              : [Default] : Added class "Background"
                         : Reading weightfile: BDT_run2/weights/TMVACrossValidation_BDTG_fold1.weights.xml
                         : Reading weight file: BDT_run2/weights/TMVACrossValidation_BDTG_fold1.weights.xml
                         : Reading weightfile: BDT_run2/weights/TMVACrossValidation_BDTG_fold2.weights.xml
                         : Reading weight file: BDT_run2/weights/TMVACrossValidation_BDTG_fold2.weights.xml
                         : Reading weightfile: BDT_run2/weights/TMVACrossValidation_BDTG_fold3.weights.xml
                         : Reading weight file: BDT_run2/weights/TMVACrossValidation_BDTG_fold3.weights.xml
                         : Reading weightfile: BDT_run2/weights/TMVACrossValidation_BDTG_fold4.weights.xml
                         : Reading weight file: BDT_run2/weights/TMVACrossValidation_BDTG_fold4.weights.xml
                         : Reading weightfile: BDT_run2/weights/TMVACrossValidation_BDTG_fold5.weights.xml
                         : Reading weight file: BDT_run2/weights/TMVACrossValidation_BDTG_fold5.weights.xml
                         : Booked classifier "BDTG" of type: "CrossValidation"
                         : Booking "BDTG" of type "CrossValidation" from BDT_run3/weights/TMVACrossValidation_BDTG.weights.xml.
                         : Reading weight file: BDT_run3/weights/TMVACrossValidation_BDTG.weights.xml
<HEADER> DataSetInfo              : [Default] : Added class "Signal"
<HEADER> DataSetInfo              : [Default] : Added class "Background"
                         : Reading weightfile: BDT_run3/weights/TMVACrossValidation_BDTG_fold1.weights.xml
                         : Reading weight file: BDT_run3/weights/TMVACrossValidation_BDTG_fold1.weights.xml
                         : Reading weightfile: BDT_run3/weights/TMVACrossValidation_BDTG_fold2.weights.xml
                         : Reading weight file: BDT_run3/weights/TMVACrossValidation_BDTG_fold2.weights.xml
                         : Reading weightfile: BDT_run3/weights/TMVACrossValidation_BDTG_fold3.weights.xml
                         : Reading weight file: BDT_run3/weights/TMVACrossValidation_BDTG_fold3.weights.xml
                         : Reading weightfile: BDT_run3/weights/TMVACrossValidation_BDTG_fold4.weights.xml
                         : Reading weight file: BDT_run3/weights/TMVACrossValidation_BDTG_fold4.weights.xml
                         : Reading weightfile: BDT_run3/weights/TMVACrossValidation_BDTG_fold5.weights.xml
                         : Reading weight file: BDT_run3/weights/TMVACrossValidation_BDTG_fold5.weights.xml
                         : Booked classifier "BDTG" of type: "CrossValidation"
254288 entries to be processed...
                         : Rebuilding Dataset Default
 Fiducial: 23610.89, 10232.54
Filter(1): 6805.84, 2863.12
Filter(2): 1935445.88, 828212.44
  anaCode: 74937.45, 32265.78
   presel: 17903.83, 7649.59
   trigWt: 15042.90, 6430.44
     PuWt: 15188.91, 6472.78
   muIDWt: 14820.56, 6314.53
recoCorWt: 15148.04, 6512.33
      BDT: 14316.79, 6116.08
   trigSF: 14256.05, 6096.92
=== MUON_medium_EFF_RECO_SYS_LOWPT_dn_k3_isRun31_isBs20 ===

100000 entries to be processed...
1440000 entries to be processed...
                         : Booking "BDTG" of type "CrossValidation" from BDT_run2/weights/TMVACrossValidation_BDTG.weights.xml.
                         : Reading weight file: BDT_run2/weights/TMVACrossValidation_BDTG.weights.xml
<HEADER> DataSetInfo              : [Default] : Added class "Signal"
<HEADER> DataSetInfo              : [Default] : Added class "Background"
                         : Reading weightfile: BDT_run2/weights/TMVACrossValidation_BDTG_fold1.weights.xml
                         : Reading weight file: BDT_run2/weights/TMVACrossValidation_BDTG_fold1.weights.xml
                         : Reading weightfile: BDT_run2/weights/TMVACrossValidation_BDTG_fold2.weights.xml
                         : Reading weight file: BDT_run2/weights/TMVACrossValidation_BDTG_fold2.weights.xml
                         : Reading weightfile: BDT_run2/weights/TMVACrossValidation_BDTG_fold3.weights.xml
                         : Reading weight file: BDT_run2/weights/TMVACrossValidation_BDTG_fold3.weights.xml
                         : Reading weightfile: BDT_run2/weights/TMVACrossValidation_BDTG_fold4.weights.xml
                         : Reading weight file: BDT_run2/weights/TMVACrossValidation_BDTG_fold4.weights.xml
                         : Reading weightfile: BDT_run2/weights/TMVACrossValidation_BDTG_fold5.weights.xml
                         : Reading weight file: BDT_run2/weights/TMVACrossValidation_BDTG_fold5.weights.xml
                         : Booked classifier "BDTG" of type: "CrossValidation"
                         : Booking "BDTG" of type "CrossValidation" from BDT_run3/weights/TMVACrossValidation_BDTG.weights.xml.
                         : Reading weight file: BDT_run3/weights/TMVACrossValidation_BDTG.weights.xml
<HEADER> DataSetInfo              : [Default] : Added class "Signal"
<HEADER> DataSetInfo              : [Default] : Added class "Background"
                         : Reading weightfile: BDT_run3/weights/TMVACrossValidation_BDTG_fold1.weights.xml
                         : Reading weight file: BDT_run3/weights/TMVACrossValidation_BDTG_fold1.weights.xml
                         : Reading weightfile: BDT_run3/weights/TMVACrossValidation_BDTG_fold2.weights.xml
                         : Reading weight file: BDT_run3/weights/TMVACrossValidation_BDTG_fold2.weights.xml
                         : Reading weightfile: BDT_run3/weights/TMVACrossValidation_BDTG_fold3.weights.xml
                         : Reading weight file: BDT_run3/weights/TMVACrossValidation_BDTG_fold3.weights.xml
                         : Reading weightfile: BDT_run3/weights/TMVACrossValidation_BDTG_fold4.weights.xml
                         : Reading weight file: BDT_run3/weights/TMVACrossValidation_BDTG_fold4.weights.xml
                         : Reading weightfile: BDT_run3/weights/TMVACrossValidation_BDTG_fold5.weights.xml
                         : Reading weight file: BDT_run3/weights/TMVACrossValidation_BDTG_fold5.weights.xml
                         : Booked classifier "BDTG" of type: "CrossValidation"
72974 entries to be processed...
                         : Rebuilding Dataset Default
 Fiducial: 16615.79
Filter(1): 4867.88
Filter(2): 792907.12
  anaCode: 30322.86
   presel: 7234.55
   trigWt: 6106.08
     PuWt: 6259.63
   muIDWt: 6110.08
recoCorWt: 6333.01
      BDT: 5919.75
   trigSF: 5912.84
[MUON_medium_EFF_RECO_SYS_LOWPT] k=3 isRun3=1
  norm  eps2/eps1=0.4271498914714912  eps3/eps1=0.41338189822190885
  up    eps2/eps1=0.42710419477395706  eps3/eps1=0.4132804060272602
  down  eps2/eps1=0.4271963198454402  eps3/eps1=0.4134830503206375
  rel   eps2/eps1=-0.011%/+0.011%  eps3/eps1=-0.025%/+0.024%
=== MUON_lowpt_EFF_RECO_STAT_up_k0_isRun30_isBs21 ===

200000 entries to be processed...
3940000 entries to be processed...
                         : Booking "BDTG" of type "CrossValidation" from BDT_run2/weights/TMVACrossValidation_BDTG.weights.xml.
                         : Reading weight file: BDT_run2/weights/TMVACrossValidation_BDTG.weights.xml
<HEADER> DataSetInfo              : [Default] : Added class "Signal"
<HEADER> DataSetInfo              : [Default] : Added class "Background"
                         : Reading weightfile: BDT_run2/weights/TMVACrossValidation_BDTG_fold1.weights.xml
                         : Reading weight file: BDT_run2/weights/TMVACrossValidation_BDTG_fold1.weights.xml
                         : Reading weightfile: BDT_run2/weights/TMVACrossValidation_BDTG_fold2.weights.xml
                         : Reading weight file: BDT_run2/weights/TMVACrossValidation_BDTG_fold2.weights.xml
                         : Reading weightfile: BDT_run2/weights/TMVACrossValidation_BDTG_fold3.weights.xml
                         : Reading weight file: BDT_run2/weights/TMVACrossValidation_BDTG_fold3.weights.xml
                         : Reading weightfile: BDT_run2/weights/TMVACrossValidation_BDTG_fold4.weights.xml
                         : Reading weight file: BDT_run2/weights/TMVACrossValidation_BDTG_fold4.weights.xml
                         : Reading weightfile: BDT_run2/weights/TMVACrossValidation_BDTG_fold5.weights.xml
                         : Reading weight file: BDT_run2/weights/TMVACrossValidation_BDTG_fold5.weights.xml
                         : Booked classifier "BDTG" of type: "CrossValidation"
                         : Booking "BDTG" of type "CrossValidation" from BDT_run3/weights/TMVACrossValidation_BDTG.weights.xml.
                         : Reading weight file: BDT_run3/weights/TMVACrossValidation_BDTG.weights.xml
<HEADER> DataSetInfo              : [Default] : Added class "Signal"
<HEADER> DataSetInfo              : [Default] : Added class "Background"
                         : Reading weightfile: BDT_run3/weights/TMVACrossValidation_BDTG_fold1.weights.xml
                         : Reading weight file: BDT_run3/weights/TMVACrossValidation_BDTG_fold1.weights.xml
                         : Reading weightfile: BDT_run3/weights/TMVACrossValidation_BDTG_fold2.weights.xml
                         : Reading weight file: BDT_run3/weights/TMVACrossValidation_BDTG_fold2.weights.xml
                         : Reading weightfile: BDT_run3/weights/TMVACrossValidation_BDTG_fold3.weights.xml
                         : Reading weight file: BDT_run3/weights/TMVACrossValidation_BDTG_fold3.weights.xml
                         : Reading weightfile: BDT_run3/weights/TMVACrossValidation_BDTG_fold4.weights.xml
                         : Reading weight file: BDT_run3/weights/TMVACrossValidation_BDTG_fold4.weights.xml
                         : Reading weightfile: BDT_run3/weights/TMVACrossValidation_BDTG_fold5.weights.xml
                         : Reading weight file: BDT_run3/weights/TMVACrossValidation_BDTG_fold5.weights.xml
                         : Booked classifier "BDTG" of type: "CrossValidation"
207600 entries to be processed...
                         : Rebuilding Dataset Default
 Fiducial: 23246.23, 9668.44
Filter(1): 6430.00, 2731.94
Filter(2): 1444789.38, 618564.12
  anaCode: 55362.69, 23504.99
   presel: 15078.15, 6325.59
   trigWt: 12124.72, 5113.65
     PuWt: 12213.46, 5163.51
   muIDWt: 12410.52, 5246.36
recoCorWt: 12282.48, 5110.22
      BDT: 11554.53, 4812.33
   trigSF: 10795.99, 4478.47
=== MUON_lowpt_EFF_RECO_STAT_up_k0_isRun30_isBs20 ===

100000 entries to be processed...
1140000 entries to be processed...
                         : Booking "BDTG" of type "CrossValidation" from BDT_run2/weights/TMVACrossValidation_BDTG.weights.xml.
                         : Reading weight file: BDT_run2/weights/TMVACrossValidation_BDTG.weights.xml
<HEADER> DataSetInfo              : [Default] : Added class "Signal"
<HEADER> DataSetInfo              : [Default] : Added class "Background"
                         : Reading weightfile: BDT_run2/weights/TMVACrossValidation_BDTG_fold1.weights.xml
                         : Reading weight file: BDT_run2/weights/TMVACrossValidation_BDTG_fold1.weights.xml
                         : Reading weightfile: BDT_run2/weights/TMVACrossValidation_BDTG_fold2.weights.xml
                         : Reading weight file: BDT_run2/weights/TMVACrossValidation_BDTG_fold2.weights.xml
                         : Reading weightfile: BDT_run2/weights/TMVACrossValidation_BDTG_fold3.weights.xml
                         : Reading weight file: BDT_run2/weights/TMVACrossValidation_BDTG_fold3.weights.xml
                         : Reading weightfile: BDT_run2/weights/TMVACrossValidation_BDTG_fold4.weights.xml
                         : Reading weight file: BDT_run2/weights/TMVACrossValidation_BDTG_fold4.weights.xml
                         : Reading weightfile: BDT_run2/weights/TMVACrossValidation_BDTG_fold5.weights.xml
                         : Reading weight file: BDT_run2/weights/TMVACrossValidation_BDTG_fold5.weights.xml
                         : Booked classifier "BDTG" of type: "CrossValidation"
                         : Booking "BDTG" of type "CrossValidation" from BDT_run3/weights/TMVACrossValidation_BDTG.weights.xml.
                         : Reading weight file: BDT_run3/weights/TMVACrossValidation_BDTG.weights.xml
<HEADER> DataSetInfo              : [Default] : Added class "Signal"
<HEADER> DataSetInfo              : [Default] : Added class "Background"
                         : Reading weightfile: BDT_run3/weights/TMVACrossValidation_BDTG_fold1.weights.xml
                         : Reading weight file: BDT_run3/weights/TMVACrossValidation_BDTG_fold1.weights.xml
                         : Reading weightfile: BDT_run3/weights/TMVACrossValidation_BDTG_fold2.weights.xml
                         : Reading weight file: BDT_run3/weights/TMVACrossValidation_BDTG_fold2.weights.xml
                         : Reading weightfile: BDT_run3/weights/TMVACrossValidation_BDTG_fold3.weights.xml
                         : Reading weight file: BDT_run3/weights/TMVACrossValidation_BDTG_fold3.weights.xml
                         : Reading weightfile: BDT_run3/weights/TMVACrossValidation_BDTG_fold4.weights.xml
                         : Reading weight file: BDT_run3/weights/TMVACrossValidation_BDTG_fold4.weights.xml
                         : Reading weightfile: BDT_run3/weights/TMVACrossValidation_BDTG_fold5.weights.xml
                         : Reading weight file: BDT_run3/weights/TMVACrossValidation_BDTG_fold5.weights.xml
                         : Booked classifier "BDTG" of type: "CrossValidation"
59543 entries to be processed...
                         : Rebuilding Dataset Default
 Fiducial: 16565.37
Filter(1): 4574.00
Filter(2): 598129.38
  anaCode: 22286.43
   presel: 5906.50
   trigWt: 4825.25
     PuWt: 4878.75
   muIDWt: 4954.27
recoCorWt: 4788.83
      BDT: 4509.02
   trigSF: 4232.24
=== MUON_lowpt_EFF_RECO_STAT_dn_k0_isRun30_isBs21 ===

200000 entries to be processed...
3940000 entries to be processed...
                         : Booking "BDTG" of type "CrossValidation" from BDT_run2/weights/TMVACrossValidation_BDTG.weights.xml.
                         : Reading weight file: BDT_run2/weights/TMVACrossValidation_BDTG.weights.xml
<HEADER> DataSetInfo              : [Default] : Added class "Signal"
<HEADER> DataSetInfo              : [Default] : Added class "Background"
                         : Reading weightfile: BDT_run2/weights/TMVACrossValidation_BDTG_fold1.weights.xml
                         : Reading weight file: BDT_run2/weights/TMVACrossValidation_BDTG_fold1.weights.xml
                         : Reading weightfile: BDT_run2/weights/TMVACrossValidation_BDTG_fold2.weights.xml
                         : Reading weight file: BDT_run2/weights/TMVACrossValidation_BDTG_fold2.weights.xml
                         : Reading weightfile: BDT_run2/weights/TMVACrossValidation_BDTG_fold3.weights.xml
                         : Reading weight file: BDT_run2/weights/TMVACrossValidation_BDTG_fold3.weights.xml
                         : Reading weightfile: BDT_run2/weights/TMVACrossValidation_BDTG_fold4.weights.xml
                         : Reading weight file: BDT_run2/weights/TMVACrossValidation_BDTG_fold4.weights.xml
                         : Reading weightfile: BDT_run2/weights/TMVACrossValidation_BDTG_fold5.weights.xml
                         : Reading weight file: BDT_run2/weights/TMVACrossValidation_BDTG_fold5.weights.xml
                         : Booked classifier "BDTG" of type: "CrossValidation"
                         : Booking "BDTG" of type "CrossValidation" from BDT_run3/weights/TMVACrossValidation_BDTG.weights.xml.
                         : Reading weight file: BDT_run3/weights/TMVACrossValidation_BDTG.weights.xml
<HEADER> DataSetInfo              : [Default] : Added class "Signal"
<HEADER> DataSetInfo              : [Default] : Added class "Background"
                         : Reading weightfile: BDT_run3/weights/TMVACrossValidation_BDTG_fold1.weights.xml
                         : Reading weight file: BDT_run3/weights/TMVACrossValidation_BDTG_fold1.weights.xml
                         : Reading weightfile: BDT_run3/weights/TMVACrossValidation_BDTG_fold2.weights.xml
                         : Reading weight file: BDT_run3/weights/TMVACrossValidation_BDTG_fold2.weights.xml
                         : Reading weightfile: BDT_run3/weights/TMVACrossValidation_BDTG_fold3.weights.xml
                         : Reading weight file: BDT_run3/weights/TMVACrossValidation_BDTG_fold3.weights.xml
                         : Reading weightfile: BDT_run3/weights/TMVACrossValidation_BDTG_fold4.weights.xml
                         : Reading weight file: BDT_run3/weights/TMVACrossValidation_BDTG_fold4.weights.xml
                         : Reading weightfile: BDT_run3/weights/TMVACrossValidation_BDTG_fold5.weights.xml
                         : Reading weight file: BDT_run3/weights/TMVACrossValidation_BDTG_fold5.weights.xml
                         : Booked classifier "BDTG" of type: "CrossValidation"
207600 entries to be processed...
                         : Rebuilding Dataset Default
 Fiducial: 23246.23, 9668.44
Filter(1): 6430.00, 2731.94
Filter(2): 1444789.38, 618564.12
  anaCode: 55362.69, 23504.99
   presel: 15078.15, 6325.59
   trigWt: 12124.72, 5113.65
     PuWt: 12213.46, 5163.51
   muIDWt: 12410.52, 5246.36
recoCorWt: 12282.48, 5110.22
      BDT: 11554.53, 4812.33
   trigSF: 10795.99, 4478.47
=== MUON_lowpt_EFF_RECO_STAT_dn_k0_isRun30_isBs20 ===

100000 entries to be processed...
1140000 entries to be processed...
                         : Booking "BDTG" of type "CrossValidation" from BDT_run2/weights/TMVACrossValidation_BDTG.weights.xml.
                         : Reading weight file: BDT_run2/weights/TMVACrossValidation_BDTG.weights.xml
<HEADER> DataSetInfo              : [Default] : Added class "Signal"
<HEADER> DataSetInfo              : [Default] : Added class "Background"
                         : Reading weightfile: BDT_run2/weights/TMVACrossValidation_BDTG_fold1.weights.xml
                         : Reading weight file: BDT_run2/weights/TMVACrossValidation_BDTG_fold1.weights.xml
                         : Reading weightfile: BDT_run2/weights/TMVACrossValidation_BDTG_fold2.weights.xml
                         : Reading weight file: BDT_run2/weights/TMVACrossValidation_BDTG_fold2.weights.xml
                         : Reading weightfile: BDT_run2/weights/TMVACrossValidation_BDTG_fold3.weights.xml
                         : Reading weight file: BDT_run2/weights/TMVACrossValidation_BDTG_fold3.weights.xml
                         : Reading weightfile: BDT_run2/weights/TMVACrossValidation_BDTG_fold4.weights.xml
                         : Reading weight file: BDT_run2/weights/TMVACrossValidation_BDTG_fold4.weights.xml
                         : Reading weightfile: BDT_run2/weights/TMVACrossValidation_BDTG_fold5.weights.xml
                         : Reading weight file: BDT_run2/weights/TMVACrossValidation_BDTG_fold5.weights.xml
                         : Booked classifier "BDTG" of type: "CrossValidation"
                         : Booking "BDTG" of type "CrossValidation" from BDT_run3/weights/TMVACrossValidation_BDTG.weights.xml.
                         : Reading weight file: BDT_run3/weights/TMVACrossValidation_BDTG.weights.xml
<HEADER> DataSetInfo              : [Default] : Added class "Signal"
<HEADER> DataSetInfo              : [Default] : Added class "Background"
                         : Reading weightfile: BDT_run3/weights/TMVACrossValidation_BDTG_fold1.weights.xml
                         : Reading weight file: BDT_run3/weights/TMVACrossValidation_BDTG_fold1.weights.xml
                         : Reading weightfile: BDT_run3/weights/TMVACrossValidation_BDTG_fold2.weights.xml
                         : Reading weight file: BDT_run3/weights/TMVACrossValidation_BDTG_fold2.weights.xml
                         : Reading weightfile: BDT_run3/weights/TMVACrossValidation_BDTG_fold3.weights.xml
                         : Reading weight file: BDT_run3/weights/TMVACrossValidation_BDTG_fold3.weights.xml
                         : Reading weightfile: BDT_run3/weights/TMVACrossValidation_BDTG_fold4.weights.xml
                         : Reading weight file: BDT_run3/weights/TMVACrossValidation_BDTG_fold4.weights.xml
                         : Reading weightfile: BDT_run3/weights/TMVACrossValidation_BDTG_fold5.weights.xml
                         : Reading weight file: BDT_run3/weights/TMVACrossValidation_BDTG_fold5.weights.xml
                         : Booked classifier "BDTG" of type: "CrossValidation"
59543 entries to be processed...
                         : Rebuilding Dataset Default
 Fiducial: 16565.37
Filter(1): 4574.00
Filter(2): 598129.38
  anaCode: 22286.43
   presel: 5906.50
   trigWt: 4825.25
     PuWt: 4878.75
   muIDWt: 4954.27
recoCorWt: 4788.83
      BDT: 4509.02
   trigSF: 4232.24
[MUON_lowpt_EFF_RECO_STAT] k=0 isRun3=0
  norm  eps2/eps1=0.41648859797845517  eps3/eps1=0.39023828749416895
  up    eps2/eps1=0.41648859797845517  eps3/eps1=0.39023828749416895
  down  eps2/eps1=0.41648859797845517  eps3/eps1=0.39023828749416895
  rel   eps2/eps1=+0.000%/+0.000%  eps3/eps1=+0.000%/+0.000%
=== MUON_lowpt_EFF_RECO_STAT_up_k0_isRun31_isBs21 ===

200000 entries to be processed...
5020000 entries to be processed...
                         : Booking "BDTG" of type "CrossValidation" from BDT_run2/weights/TMVACrossValidation_BDTG.weights.xml.
                         : Reading weight file: BDT_run2/weights/TMVACrossValidation_BDTG.weights.xml
<HEADER> DataSetInfo              : [Default] : Added class "Signal"
<HEADER> DataSetInfo              : [Default] : Added class "Background"
                         : Reading weightfile: BDT_run2/weights/TMVACrossValidation_BDTG_fold1.weights.xml
                         : Reading weight file: BDT_run2/weights/TMVACrossValidation_BDTG_fold1.weights.xml
                         : Reading weightfile: BDT_run2/weights/TMVACrossValidation_BDTG_fold2.weights.xml
                         : Reading weight file: BDT_run2/weights/TMVACrossValidation_BDTG_fold2.weights.xml
                         : Reading weightfile: BDT_run2/weights/TMVACrossValidation_BDTG_fold3.weights.xml
                         : Reading weight file: BDT_run2/weights/TMVACrossValidation_BDTG_fold3.weights.xml
                         : Reading weightfile: BDT_run2/weights/TMVACrossValidation_BDTG_fold4.weights.xml
                         : Reading weight file: BDT_run2/weights/TMVACrossValidation_BDTG_fold4.weights.xml
                         : Reading weightfile: BDT_run2/weights/TMVACrossValidation_BDTG_fold5.weights.xml
                         : Reading weight file: BDT_run2/weights/TMVACrossValidation_BDTG_fold5.weights.xml
                         : Booked classifier "BDTG" of type: "CrossValidation"
                         : Booking "BDTG" of type "CrossValidation" from BDT_run3/weights/TMVACrossValidation_BDTG.weights.xml.
                         : Reading weight file: BDT_run3/weights/TMVACrossValidation_BDTG.weights.xml
<HEADER> DataSetInfo              : [Default] : Added class "Signal"
<HEADER> DataSetInfo              : [Default] : Added class "Background"
                         : Reading weightfile: BDT_run3/weights/TMVACrossValidation_BDTG_fold1.weights.xml
                         : Reading weight file: BDT_run3/weights/TMVACrossValidation_BDTG_fold1.weights.xml
                         : Reading weightfile: BDT_run3/weights/TMVACrossValidation_BDTG_fold2.weights.xml
                         : Reading weight file: BDT_run3/weights/TMVACrossValidation_BDTG_fold2.weights.xml
                         : Reading weightfile: BDT_run3/weights/TMVACrossValidation_BDTG_fold3.weights.xml
                         : Reading weight file: BDT_run3/weights/TMVACrossValidation_BDTG_fold3.weights.xml
                         : Reading weightfile: BDT_run3/weights/TMVACrossValidation_BDTG_fold4.weights.xml
                         : Reading weight file: BDT_run3/weights/TMVACrossValidation_BDTG_fold4.weights.xml
                         : Reading weightfile: BDT_run3/weights/TMVACrossValidation_BDTG_fold5.weights.xml
                         : Reading weight file: BDT_run3/weights/TMVACrossValidation_BDTG_fold5.weights.xml
                         : Booked classifier "BDTG" of type: "CrossValidation"
254288 entries to be processed...
                         : Rebuilding Dataset Default
 Fiducial: 23610.89, 10232.54
Filter(1): 6805.84, 2863.12
Filter(2): 1935445.88, 828212.44
  anaCode: 74937.45, 32265.78
   presel: 17903.83, 7649.59
   trigWt: 15042.90, 6430.44
     PuWt: 15188.91, 6472.78
   muIDWt: 14930.07, 6360.95
recoCorWt: 15249.76, 6555.68
      BDT: 14410.96, 6155.64
   trigSF: 14349.88, 6136.41
=== MUON_lowpt_EFF_RECO_STAT_up_k0_isRun31_isBs20 ===

100000 entries to be processed...
1440000 entries to be processed...
                         : Booking "BDTG" of type "CrossValidation" from BDT_run2/weights/TMVACrossValidation_BDTG.weights.xml.
                         : Reading weight file: BDT_run2/weights/TMVACrossValidation_BDTG.weights.xml
<HEADER> DataSetInfo              : [Default] : Added class "Signal"
<HEADER> DataSetInfo              : [Default] : Added class "Background"
                         : Reading weightfile: BDT_run2/weights/TMVACrossValidation_BDTG_fold1.weights.xml
                         : Reading weight file: BDT_run2/weights/TMVACrossValidation_BDTG_fold1.weights.xml
                         : Reading weightfile: BDT_run2/weights/TMVACrossValidation_BDTG_fold2.weights.xml
                         : Reading weight file: BDT_run2/weights/TMVACrossValidation_BDTG_fold2.weights.xml
                         : Reading weightfile: BDT_run2/weights/TMVACrossValidation_BDTG_fold3.weights.xml
                         : Reading weight file: BDT_run2/weights/TMVACrossValidation_BDTG_fold3.weights.xml
                         : Reading weightfile: BDT_run2/weights/TMVACrossValidation_BDTG_fold4.weights.xml
                         : Reading weight file: BDT_run2/weights/TMVACrossValidation_BDTG_fold4.weights.xml
                         : Reading weightfile: BDT_run2/weights/TMVACrossValidation_BDTG_fold5.weights.xml
                         : Reading weight file: BDT_run2/weights/TMVACrossValidation_BDTG_fold5.weights.xml
                         : Booked classifier "BDTG" of type: "CrossValidation"
                         : Booking "BDTG" of type "CrossValidation" from BDT_run3/weights/TMVACrossValidation_BDTG.weights.xml.
                         : Reading weight file: BDT_run3/weights/TMVACrossValidation_BDTG.weights.xml
<HEADER> DataSetInfo              : [Default] : Added class "Signal"
<HEADER> DataSetInfo              : [Default] : Added class "Background"
                         : Reading weightfile: BDT_run3/weights/TMVACrossValidation_BDTG_fold1.weights.xml
                         : Reading weight file: BDT_run3/weights/TMVACrossValidation_BDTG_fold1.weights.xml
                         : Reading weightfile: BDT_run3/weights/TMVACrossValidation_BDTG_fold2.weights.xml
                         : Reading weight file: BDT_run3/weights/TMVACrossValidation_BDTG_fold2.weights.xml
                         : Reading weightfile: BDT_run3/weights/TMVACrossValidation_BDTG_fold3.weights.xml
                         : Reading weight file: BDT_run3/weights/TMVACrossValidation_BDTG_fold3.weights.xml
                         : Reading weightfile: BDT_run3/weights/TMVACrossValidation_BDTG_fold4.weights.xml
                         : Reading weight file: BDT_run3/weights/TMVACrossValidation_BDTG_fold4.weights.xml
                         : Reading weightfile: BDT_run3/weights/TMVACrossValidation_BDTG_fold5.weights.xml
                         : Reading weight file: BDT_run3/weights/TMVACrossValidation_BDTG_fold5.weights.xml
                         : Booked classifier "BDTG" of type: "CrossValidation"
72974 entries to be processed...
                         : Rebuilding Dataset Default
 Fiducial: 16615.79
Filter(1): 4867.88
Filter(2): 792907.12
  anaCode: 30322.86
   presel: 7234.55
   trigWt: 6106.08
     PuWt: 6259.63
   muIDWt: 6153.99
recoCorWt: 6374.10
      BDT: 5957.23
   trigSF: 5950.33
=== MUON_lowpt_EFF_RECO_STAT_dn_k0_isRun31_isBs21 ===

200000 entries to be processed...
5020000 entries to be processed...
                         : Booking "BDTG" of type "CrossValidation" from BDT_run2/weights/TMVACrossValidation_BDTG.weights.xml.
                         : Reading weight file: BDT_run2/weights/TMVACrossValidation_BDTG.weights.xml
<HEADER> DataSetInfo              : [Default] : Added class "Signal"
<HEADER> DataSetInfo              : [Default] : Added class "Background"
                         : Reading weightfile: BDT_run2/weights/TMVACrossValidation_BDTG_fold1.weights.xml
                         : Reading weight file: BDT_run2/weights/TMVACrossValidation_BDTG_fold1.weights.xml
                         : Reading weightfile: BDT_run2/weights/TMVACrossValidation_BDTG_fold2.weights.xml
                         : Reading weight file: BDT_run2/weights/TMVACrossValidation_BDTG_fold2.weights.xml
                         : Reading weightfile: BDT_run2/weights/TMVACrossValidation_BDTG_fold3.weights.xml
                         : Reading weight file: BDT_run2/weights/TMVACrossValidation_BDTG_fold3.weights.xml
                         : Reading weightfile: BDT_run2/weights/TMVACrossValidation_BDTG_fold4.weights.xml
                         : Reading weight file: BDT_run2/weights/TMVACrossValidation_BDTG_fold4.weights.xml
                         : Reading weightfile: BDT_run2/weights/TMVACrossValidation_BDTG_fold5.weights.xml
                         : Reading weight file: BDT_run2/weights/TMVACrossValidation_BDTG_fold5.weights.xml
                         : Booked classifier "BDTG" of type: "CrossValidation"
                         : Booking "BDTG" of type "CrossValidation" from BDT_run3/weights/TMVACrossValidation_BDTG.weights.xml.
                         : Reading weight file: BDT_run3/weights/TMVACrossValidation_BDTG.weights.xml
<HEADER> DataSetInfo              : [Default] : Added class "Signal"
<HEADER> DataSetInfo              : [Default] : Added class "Background"
                         : Reading weightfile: BDT_run3/weights/TMVACrossValidation_BDTG_fold1.weights.xml
                         : Reading weight file: BDT_run3/weights/TMVACrossValidation_BDTG_fold1.weights.xml
                         : Reading weightfile: BDT_run3/weights/TMVACrossValidation_BDTG_fold2.weights.xml
                         : Reading weight file: BDT_run3/weights/TMVACrossValidation_BDTG_fold2.weights.xml
                         : Reading weightfile: BDT_run3/weights/TMVACrossValidation_BDTG_fold3.weights.xml
                         : Reading weight file: BDT_run3/weights/TMVACrossValidation_BDTG_fold3.weights.xml
                         : Reading weightfile: BDT_run3/weights/TMVACrossValidation_BDTG_fold4.weights.xml
                         : Reading weight file: BDT_run3/weights/TMVACrossValidation_BDTG_fold4.weights.xml
                         : Reading weightfile: BDT_run3/weights/TMVACrossValidation_BDTG_fold5.weights.xml
                         : Reading weight file: BDT_run3/weights/TMVACrossValidation_BDTG_fold5.weights.xml
                         : Booked classifier "BDTG" of type: "CrossValidation"
254288 entries to be processed...
                         : Rebuilding Dataset Default
 Fiducial: 23610.89, 10232.54
Filter(1): 6805.84, 2863.12
Filter(2): 1935445.88, 828212.44
  anaCode: 74937.45, 32265.78
   presel: 17903.83, 7649.59
   trigWt: 15042.90, 6430.44
     PuWt: 15188.91, 6472.78
   muIDWt: 14930.07, 6360.95
recoCorWt: 15249.76, 6555.68
      BDT: 14410.96, 6155.64
   trigSF: 14349.88, 6136.41
=== MUON_lowpt_EFF_RECO_STAT_dn_k0_isRun31_isBs20 ===

100000 entries to be processed...
1440000 entries to be processed...
                         : Booking "BDTG" of type "CrossValidation" from BDT_run2/weights/TMVACrossValidation_BDTG.weights.xml.
                         : Reading weight file: BDT_run2/weights/TMVACrossValidation_BDTG.weights.xml
<HEADER> DataSetInfo              : [Default] : Added class "Signal"
<HEADER> DataSetInfo              : [Default] : Added class "Background"
                         : Reading weightfile: BDT_run2/weights/TMVACrossValidation_BDTG_fold1.weights.xml
                         : Reading weight file: BDT_run2/weights/TMVACrossValidation_BDTG_fold1.weights.xml
                         : Reading weightfile: BDT_run2/weights/TMVACrossValidation_BDTG_fold2.weights.xml
                         : Reading weight file: BDT_run2/weights/TMVACrossValidation_BDTG_fold2.weights.xml
                         : Reading weightfile: BDT_run2/weights/TMVACrossValidation_BDTG_fold3.weights.xml
                         : Reading weight file: BDT_run2/weights/TMVACrossValidation_BDTG_fold3.weights.xml
                         : Reading weightfile: BDT_run2/weights/TMVACrossValidation_BDTG_fold4.weights.xml
                         : Reading weight file: BDT_run2/weights/TMVACrossValidation_BDTG_fold4.weights.xml
                         : Reading weightfile: BDT_run2/weights/TMVACrossValidation_BDTG_fold5.weights.xml
                         : Reading weight file: BDT_run2/weights/TMVACrossValidation_BDTG_fold5.weights.xml
                         : Booked classifier "BDTG" of type: "CrossValidation"
                         : Booking "BDTG" of type "CrossValidation" from BDT_run3/weights/TMVACrossValidation_BDTG.weights.xml.
                         : Reading weight file: BDT_run3/weights/TMVACrossValidation_BDTG.weights.xml
<HEADER> DataSetInfo              : [Default] : Added class "Signal"
<HEADER> DataSetInfo              : [Default] : Added class "Background"
                         : Reading weightfile: BDT_run3/weights/TMVACrossValidation_BDTG_fold1.weights.xml
                         : Reading weight file: BDT_run3/weights/TMVACrossValidation_BDTG_fold1.weights.xml
                         : Reading weightfile: BDT_run3/weights/TMVACrossValidation_BDTG_fold2.weights.xml
                         : Reading weight file: BDT_run3/weights/TMVACrossValidation_BDTG_fold2.weights.xml
                         : Reading weightfile: BDT_run3/weights/TMVACrossValidation_BDTG_fold3.weights.xml
                         : Reading weight file: BDT_run3/weights/TMVACrossValidation_BDTG_fold3.weights.xml
                         : Reading weightfile: BDT_run3/weights/TMVACrossValidation_BDTG_fold4.weights.xml
                         : Reading weight file: BDT_run3/weights/TMVACrossValidation_BDTG_fold4.weights.xml
                         : Reading weightfile: BDT_run3/weights/TMVACrossValidation_BDTG_fold5.weights.xml
                         : Reading weight file: BDT_run3/weights/TMVACrossValidation_BDTG_fold5.weights.xml
                         : Booked classifier "BDTG" of type: "CrossValidation"
72974 entries to be processed...
                         : Rebuilding Dataset Default
 Fiducial: 16615.79
Filter(1): 4867.88
Filter(2): 792907.12
  anaCode: 30322.86
   presel: 7234.55
   trigWt: 6106.08
     PuWt: 6259.63
   muIDWt: 6153.99
recoCorWt: 6374.10
      BDT: 5957.23
   trigSF: 5950.33
[MUON_lowpt_EFF_RECO_STAT] k=0 isRun3=1
  norm  eps2/eps1=0.4271498914714912  eps3/eps1=0.41338189822190885
  up    eps2/eps1=0.4271498914714912  eps3/eps1=0.41338189822190885
  down  eps2/eps1=0.4271498914714912  eps3/eps1=0.41338189822190885
  rel   eps2/eps1=+0.000%/+0.000%  eps3/eps1=+0.000%/+0.000%
=== MUON_lowpt_EFF_RECO_STAT_LOWPT_up_k1_isRun30_isBs21 ===

200000 entries to be processed...
3940000 entries to be processed...
                         : Booking "BDTG" of type "CrossValidation" from BDT_run2/weights/TMVACrossValidation_BDTG.weights.xml.
                         : Reading weight file: BDT_run2/weights/TMVACrossValidation_BDTG.weights.xml
<HEADER> DataSetInfo              : [Default] : Added class "Signal"
<HEADER> DataSetInfo              : [Default] : Added class "Background"
                         : Reading weightfile: BDT_run2/weights/TMVACrossValidation_BDTG_fold1.weights.xml
                         : Reading weight file: BDT_run2/weights/TMVACrossValidation_BDTG_fold1.weights.xml
                         : Reading weightfile: BDT_run2/weights/TMVACrossValidation_BDTG_fold2.weights.xml
                         : Reading weight file: BDT_run2/weights/TMVACrossValidation_BDTG_fold2.weights.xml
                         : Reading weightfile: BDT_run2/weights/TMVACrossValidation_BDTG_fold3.weights.xml
                         : Reading weight file: BDT_run2/weights/TMVACrossValidation_BDTG_fold3.weights.xml
                         : Reading weightfile: BDT_run2/weights/TMVACrossValidation_BDTG_fold4.weights.xml
                         : Reading weight file: BDT_run2/weights/TMVACrossValidation_BDTG_fold4.weights.xml
                         : Reading weightfile: BDT_run2/weights/TMVACrossValidation_BDTG_fold5.weights.xml
                         : Reading weight file: BDT_run2/weights/TMVACrossValidation_BDTG_fold5.weights.xml
                         : Booked classifier "BDTG" of type: "CrossValidation"
                         : Booking "BDTG" of type "CrossValidation" from BDT_run3/weights/TMVACrossValidation_BDTG.weights.xml.
                         : Reading weight file: BDT_run3/weights/TMVACrossValidation_BDTG.weights.xml
<HEADER> DataSetInfo              : [Default] : Added class "Signal"
<HEADER> DataSetInfo              : [Default] : Added class "Background"
                         : Reading weightfile: BDT_run3/weights/TMVACrossValidation_BDTG_fold1.weights.xml
                         : Reading weight file: BDT_run3/weights/TMVACrossValidation_BDTG_fold1.weights.xml
                         : Reading weightfile: BDT_run3/weights/TMVACrossValidation_BDTG_fold2.weights.xml
                         : Reading weight file: BDT_run3/weights/TMVACrossValidation_BDTG_fold2.weights.xml
                         : Reading weightfile: BDT_run3/weights/TMVACrossValidation_BDTG_fold3.weights.xml
                         : Reading weight file: BDT_run3/weights/TMVACrossValidation_BDTG_fold3.weights.xml
                         : Reading weightfile: BDT_run3/weights/TMVACrossValidation_BDTG_fold4.weights.xml
                         : Reading weight file: BDT_run3/weights/TMVACrossValidation_BDTG_fold4.weights.xml
                         : Reading weightfile: BDT_run3/weights/TMVACrossValidation_BDTG_fold5.weights.xml
                         : Reading weight file: BDT_run3/weights/TMVACrossValidation_BDTG_fold5.weights.xml
                         : Booked classifier "BDTG" of type: "CrossValidation"
207600 entries to be processed...
                         : Rebuilding Dataset Default
 Fiducial: 23246.23, 9668.44
Filter(1): 6430.00, 2731.94
Filter(2): 1444789.38, 618564.12
  anaCode: 55362.69, 23504.99
   presel: 15078.15, 6325.59
   trigWt: 12124.72, 5113.65
     PuWt: 12213.46, 5163.51
   muIDWt: 12410.52, 5246.36
recoCorWt: 12282.48, 5110.22
      BDT: 11554.53, 4812.33
   trigSF: 10795.99, 4478.47
=== MUON_lowpt_EFF_RECO_STAT_LOWPT_up_k1_isRun30_isBs20 ===

100000 entries to be processed...
1140000 entries to be processed...
                         : Booking "BDTG" of type "CrossValidation" from BDT_run2/weights/TMVACrossValidation_BDTG.weights.xml.
                         : Reading weight file: BDT_run2/weights/TMVACrossValidation_BDTG.weights.xml
<HEADER> DataSetInfo              : [Default] : Added class "Signal"
<HEADER> DataSetInfo              : [Default] : Added class "Background"
                         : Reading weightfile: BDT_run2/weights/TMVACrossValidation_BDTG_fold1.weights.xml
                         : Reading weight file: BDT_run2/weights/TMVACrossValidation_BDTG_fold1.weights.xml
                         : Reading weightfile: BDT_run2/weights/TMVACrossValidation_BDTG_fold2.weights.xml
                         : Reading weight file: BDT_run2/weights/TMVACrossValidation_BDTG_fold2.weights.xml
                         : Reading weightfile: BDT_run2/weights/TMVACrossValidation_BDTG_fold3.weights.xml
                         : Reading weight file: BDT_run2/weights/TMVACrossValidation_BDTG_fold3.weights.xml
                         : Reading weightfile: BDT_run2/weights/TMVACrossValidation_BDTG_fold4.weights.xml
                         : Reading weight file: BDT_run2/weights/TMVACrossValidation_BDTG_fold4.weights.xml
                         : Reading weightfile: BDT_run2/weights/TMVACrossValidation_BDTG_fold5.weights.xml
                         : Reading weight file: BDT_run2/weights/TMVACrossValidation_BDTG_fold5.weights.xml
                         : Booked classifier "BDTG" of type: "CrossValidation"
                         : Booking "BDTG" of type "CrossValidation" from BDT_run3/weights/TMVACrossValidation_BDTG.weights.xml.
                         : Reading weight file: BDT_run3/weights/TMVACrossValidation_BDTG.weights.xml
<HEADER> DataSetInfo              : [Default] : Added class "Signal"
<HEADER> DataSetInfo              : [Default] : Added class "Background"
                         : Reading weightfile: BDT_run3/weights/TMVACrossValidation_BDTG_fold1.weights.xml
                         : Reading weight file: BDT_run3/weights/TMVACrossValidation_BDTG_fold1.weights.xml
                         : Reading weightfile: BDT_run3/weights/TMVACrossValidation_BDTG_fold2.weights.xml
                         : Reading weight file: BDT_run3/weights/TMVACrossValidation_BDTG_fold2.weights.xml
                         : Reading weightfile: BDT_run3/weights/TMVACrossValidation_BDTG_fold3.weights.xml
                         : Reading weight file: BDT_run3/weights/TMVACrossValidation_BDTG_fold3.weights.xml
                         : Reading weightfile: BDT_run3/weights/TMVACrossValidation_BDTG_fold4.weights.xml
                         : Reading weight file: BDT_run3/weights/TMVACrossValidation_BDTG_fold4.weights.xml
                         : Reading weightfile: BDT_run3/weights/TMVACrossValidation_BDTG_fold5.weights.xml
                         : Reading weight file: BDT_run3/weights/TMVACrossValidation_BDTG_fold5.weights.xml
                         : Booked classifier "BDTG" of type: "CrossValidation"
59543 entries to be processed...
                         : Rebuilding Dataset Default
 Fiducial: 16565.37
Filter(1): 4574.00
Filter(2): 598129.38
  anaCode: 22286.43
   presel: 5906.50
   trigWt: 4825.25
     PuWt: 4878.75
   muIDWt: 4954.27
recoCorWt: 4788.83
      BDT: 4509.02
   trigSF: 4232.24
=== MUON_lowpt_EFF_RECO_STAT_LOWPT_dn_k1_isRun30_isBs21 ===

200000 entries to be processed...
3940000 entries to be processed...
                         : Booking "BDTG" of type "CrossValidation" from BDT_run2/weights/TMVACrossValidation_BDTG.weights.xml.
                         : Reading weight file: BDT_run2/weights/TMVACrossValidation_BDTG.weights.xml
<HEADER> DataSetInfo              : [Default] : Added class "Signal"
<HEADER> DataSetInfo              : [Default] : Added class "Background"
                         : Reading weightfile: BDT_run2/weights/TMVACrossValidation_BDTG_fold1.weights.xml
                         : Reading weight file: BDT_run2/weights/TMVACrossValidation_BDTG_fold1.weights.xml
                         : Reading weightfile: BDT_run2/weights/TMVACrossValidation_BDTG_fold2.weights.xml
                         : Reading weight file: BDT_run2/weights/TMVACrossValidation_BDTG_fold2.weights.xml
                         : Reading weightfile: BDT_run2/weights/TMVACrossValidation_BDTG_fold3.weights.xml
                         : Reading weight file: BDT_run2/weights/TMVACrossValidation_BDTG_fold3.weights.xml
                         : Reading weightfile: BDT_run2/weights/TMVACrossValidation_BDTG_fold4.weights.xml
                         : Reading weight file: BDT_run2/weights/TMVACrossValidation_BDTG_fold4.weights.xml
                         : Reading weightfile: BDT_run2/weights/TMVACrossValidation_BDTG_fold5.weights.xml
                         : Reading weight file: BDT_run2/weights/TMVACrossValidation_BDTG_fold5.weights.xml
                         : Booked classifier "BDTG" of type: "CrossValidation"
                         : Booking "BDTG" of type "CrossValidation" from BDT_run3/weights/TMVACrossValidation_BDTG.weights.xml.
                         : Reading weight file: BDT_run3/weights/TMVACrossValidation_BDTG.weights.xml
<HEADER> DataSetInfo              : [Default] : Added class "Signal"
<HEADER> DataSetInfo              : [Default] : Added class "Background"
                         : Reading weightfile: BDT_run3/weights/TMVACrossValidation_BDTG_fold1.weights.xml
                         : Reading weight file: BDT_run3/weights/TMVACrossValidation_BDTG_fold1.weights.xml
                         : Reading weightfile: BDT_run3/weights/TMVACrossValidation_BDTG_fold2.weights.xml
                         : Reading weight file: BDT_run3/weights/TMVACrossValidation_BDTG_fold2.weights.xml
                         : Reading weightfile: BDT_run3/weights/TMVACrossValidation_BDTG_fold3.weights.xml
                         : Reading weight file: BDT_run3/weights/TMVACrossValidation_BDTG_fold3.weights.xml
                         : Reading weightfile: BDT_run3/weights/TMVACrossValidation_BDTG_fold4.weights.xml
                         : Reading weight file: BDT_run3/weights/TMVACrossValidation_BDTG_fold4.weights.xml
                         : Reading weightfile: BDT_run3/weights/TMVACrossValidation_BDTG_fold5.weights.xml
                         : Reading weight file: BDT_run3/weights/TMVACrossValidation_BDTG_fold5.weights.xml
                         : Booked classifier "BDTG" of type: "CrossValidation"
207600 entries to be processed...
                         : Rebuilding Dataset Default
 Fiducial: 23246.23, 9668.44
Filter(1): 6430.00, 2731.94
Filter(2): 1444789.38, 618564.12
  anaCode: 55362.69, 23504.99
   presel: 15078.15, 6325.59
   trigWt: 12124.72, 5113.65
     PuWt: 12213.46, 5163.51
   muIDWt: 12410.52, 5246.36
recoCorWt: 12282.48, 5110.22
      BDT: 11554.53, 4812.33
   trigSF: 10795.99, 4478.47
=== MUON_lowpt_EFF_RECO_STAT_LOWPT_dn_k1_isRun30_isBs20 ===

100000 entries to be processed...
1140000 entries to be processed...
                         : Booking "BDTG" of type "CrossValidation" from BDT_run2/weights/TMVACrossValidation_BDTG.weights.xml.
                         : Reading weight file: BDT_run2/weights/TMVACrossValidation_BDTG.weights.xml
<HEADER> DataSetInfo              : [Default] : Added class "Signal"
<HEADER> DataSetInfo              : [Default] : Added class "Background"
                         : Reading weightfile: BDT_run2/weights/TMVACrossValidation_BDTG_fold1.weights.xml
                         : Reading weight file: BDT_run2/weights/TMVACrossValidation_BDTG_fold1.weights.xml
                         : Reading weightfile: BDT_run2/weights/TMVACrossValidation_BDTG_fold2.weights.xml
                         : Reading weight file: BDT_run2/weights/TMVACrossValidation_BDTG_fold2.weights.xml
                         : Reading weightfile: BDT_run2/weights/TMVACrossValidation_BDTG_fold3.weights.xml
                         : Reading weight file: BDT_run2/weights/TMVACrossValidation_BDTG_fold3.weights.xml
                         : Reading weightfile: BDT_run2/weights/TMVACrossValidation_BDTG_fold4.weights.xml
                         : Reading weight file: BDT_run2/weights/TMVACrossValidation_BDTG_fold4.weights.xml
                         : Reading weightfile: BDT_run2/weights/TMVACrossValidation_BDTG_fold5.weights.xml
                         : Reading weight file: BDT_run2/weights/TMVACrossValidation_BDTG_fold5.weights.xml
                         : Booked classifier "BDTG" of type: "CrossValidation"
                         : Booking "BDTG" of type "CrossValidation" from BDT_run3/weights/TMVACrossValidation_BDTG.weights.xml.
                         : Reading weight file: BDT_run3/weights/TMVACrossValidation_BDTG.weights.xml
<HEADER> DataSetInfo              : [Default] : Added class "Signal"
<HEADER> DataSetInfo              : [Default] : Added class "Background"
                         : Reading weightfile: BDT_run3/weights/TMVACrossValidation_BDTG_fold1.weights.xml
                         : Reading weight file: BDT_run3/weights/TMVACrossValidation_BDTG_fold1.weights.xml
                         : Reading weightfile: BDT_run3/weights/TMVACrossValidation_BDTG_fold2.weights.xml
                         : Reading weight file: BDT_run3/weights/TMVACrossValidation_BDTG_fold2.weights.xml
                         : Reading weightfile: BDT_run3/weights/TMVACrossValidation_BDTG_fold3.weights.xml
                         : Reading weight file: BDT_run3/weights/TMVACrossValidation_BDTG_fold3.weights.xml
                         : Reading weightfile: BDT_run3/weights/TMVACrossValidation_BDTG_fold4.weights.xml
                         : Reading weight file: BDT_run3/weights/TMVACrossValidation_BDTG_fold4.weights.xml
                         : Reading weightfile: BDT_run3/weights/TMVACrossValidation_BDTG_fold5.weights.xml
                         : Reading weight file: BDT_run3/weights/TMVACrossValidation_BDTG_fold5.weights.xml
                         : Booked classifier "BDTG" of type: "CrossValidation"
59543 entries to be processed...
                         : Rebuilding Dataset Default
 Fiducial: 16565.37
Filter(1): 4574.00
Filter(2): 598129.38
  anaCode: 22286.43
   presel: 5906.50
   trigWt: 4825.25
     PuWt: 4878.75
   muIDWt: 4954.27
recoCorWt: 4788.83
      BDT: 4509.02
   trigSF: 4232.24
[MUON_lowpt_EFF_RECO_STAT_LOWPT] k=1 isRun3=0
  norm  eps2/eps1=0.41648859797845517  eps3/eps1=0.39023828749416895
  up    eps2/eps1=0.41648859797845517  eps3/eps1=0.39023828749416895
  down  eps2/eps1=0.41648859797845517  eps3/eps1=0.39023828749416895
  rel   eps2/eps1=+0.000%/+0.000%  eps3/eps1=+0.000%/+0.000%
=== MUON_lowpt_EFF_RECO_STAT_LOWPT_up_k1_isRun31_isBs21 ===

200000 entries to be processed...
5020000 entries to be processed...
                         : Booking "BDTG" of type "CrossValidation" from BDT_run2/weights/TMVACrossValidation_BDTG.weights.xml.
                         : Reading weight file: BDT_run2/weights/TMVACrossValidation_BDTG.weights.xml
<HEADER> DataSetInfo              : [Default] : Added class "Signal"
<HEADER> DataSetInfo              : [Default] : Added class "Background"
                         : Reading weightfile: BDT_run2/weights/TMVACrossValidation_BDTG_fold1.weights.xml
                         : Reading weight file: BDT_run2/weights/TMVACrossValidation_BDTG_fold1.weights.xml
                         : Reading weightfile: BDT_run2/weights/TMVACrossValidation_BDTG_fold2.weights.xml
                         : Reading weight file: BDT_run2/weights/TMVACrossValidation_BDTG_fold2.weights.xml
                         : Reading weightfile: BDT_run2/weights/TMVACrossValidation_BDTG_fold3.weights.xml
                         : Reading weight file: BDT_run2/weights/TMVACrossValidation_BDTG_fold3.weights.xml
                         : Reading weightfile: BDT_run2/weights/TMVACrossValidation_BDTG_fold4.weights.xml
                         : Reading weight file: BDT_run2/weights/TMVACrossValidation_BDTG_fold4.weights.xml
                         : Reading weightfile: BDT_run2/weights/TMVACrossValidation_BDTG_fold5.weights.xml
                         : Reading weight file: BDT_run2/weights/TMVACrossValidation_BDTG_fold5.weights.xml
                         : Booked classifier "BDTG" of type: "CrossValidation"
                         : Booking "BDTG" of type "CrossValidation" from BDT_run3/weights/TMVACrossValidation_BDTG.weights.xml.
                         : Reading weight file: BDT_run3/weights/TMVACrossValidation_BDTG.weights.xml
<HEADER> DataSetInfo              : [Default] : Added class "Signal"
<HEADER> DataSetInfo              : [Default] : Added class "Background"
                         : Reading weightfile: BDT_run3/weights/TMVACrossValidation_BDTG_fold1.weights.xml
                         : Reading weight file: BDT_run3/weights/TMVACrossValidation_BDTG_fold1.weights.xml
                         : Reading weightfile: BDT_run3/weights/TMVACrossValidation_BDTG_fold2.weights.xml
                         : Reading weight file: BDT_run3/weights/TMVACrossValidation_BDTG_fold2.weights.xml
                         : Reading weightfile: BDT_run3/weights/TMVACrossValidation_BDTG_fold3.weights.xml
                         : Reading weight file: BDT_run3/weights/TMVACrossValidation_BDTG_fold3.weights.xml
                         : Reading weightfile: BDT_run3/weights/TMVACrossValidation_BDTG_fold4.weights.xml
                         : Reading weight file: BDT_run3/weights/TMVACrossValidation_BDTG_fold4.weights.xml
                         : Reading weightfile: BDT_run3/weights/TMVACrossValidation_BDTG_fold5.weights.xml
                         : Reading weight file: BDT_run3/weights/TMVACrossValidation_BDTG_fold5.weights.xml
                         : Booked classifier "BDTG" of type: "CrossValidation"
254288 entries to be processed...
                         : Rebuilding Dataset Default
 Fiducial: 23610.89, 10232.54
Filter(1): 6805.84, 2863.12
Filter(2): 1935445.88, 828212.44
  anaCode: 74937.45, 32265.78
   presel: 17903.83, 7649.59
   trigWt: 15042.90, 6430.44
     PuWt: 15188.91, 6472.78
   muIDWt: 14972.79, 6378.93
recoCorWt: 15284.14, 6570.32
      BDT: 14442.75, 6169.08
   trigSF: 14381.47, 6149.68
=== MUON_lowpt_EFF_RECO_STAT_LOWPT_up_k1_isRun31_isBs20 ===

100000 entries to be processed...
1440000 entries to be processed...
                         : Booking "BDTG" of type "CrossValidation" from BDT_run2/weights/TMVACrossValidation_BDTG.weights.xml.
                         : Reading weight file: BDT_run2/weights/TMVACrossValidation_BDTG.weights.xml
<HEADER> DataSetInfo              : [Default] : Added class "Signal"
<HEADER> DataSetInfo              : [Default] : Added class "Background"
                         : Reading weightfile: BDT_run2/weights/TMVACrossValidation_BDTG_fold1.weights.xml
                         : Reading weight file: BDT_run2/weights/TMVACrossValidation_BDTG_fold1.weights.xml
                         : Reading weightfile: BDT_run2/weights/TMVACrossValidation_BDTG_fold2.weights.xml
                         : Reading weight file: BDT_run2/weights/TMVACrossValidation_BDTG_fold2.weights.xml
                         : Reading weightfile: BDT_run2/weights/TMVACrossValidation_BDTG_fold3.weights.xml
                         : Reading weight file: BDT_run2/weights/TMVACrossValidation_BDTG_fold3.weights.xml
                         : Reading weightfile: BDT_run2/weights/TMVACrossValidation_BDTG_fold4.weights.xml
                         : Reading weight file: BDT_run2/weights/TMVACrossValidation_BDTG_fold4.weights.xml
                         : Reading weightfile: BDT_run2/weights/TMVACrossValidation_BDTG_fold5.weights.xml
                         : Reading weight file: BDT_run2/weights/TMVACrossValidation_BDTG_fold5.weights.xml
                         : Booked classifier "BDTG" of type: "CrossValidation"
                         : Booking "BDTG" of type "CrossValidation" from BDT_run3/weights/TMVACrossValidation_BDTG.weights.xml.
                         : Reading weight file: BDT_run3/weights/TMVACrossValidation_BDTG.weights.xml
<HEADER> DataSetInfo              : [Default] : Added class "Signal"
<HEADER> DataSetInfo              : [Default] : Added class "Background"
                         : Reading weightfile: BDT_run3/weights/TMVACrossValidation_BDTG_fold1.weights.xml
                         : Reading weight file: BDT_run3/weights/TMVACrossValidation_BDTG_fold1.weights.xml
                         : Reading weightfile: BDT_run3/weights/TMVACrossValidation_BDTG_fold2.weights.xml
                         : Reading weight file: BDT_run3/weights/TMVACrossValidation_BDTG_fold2.weights.xml
                         : Reading weightfile: BDT_run3/weights/TMVACrossValidation_BDTG_fold3.weights.xml
                         : Reading weight file: BDT_run3/weights/TMVACrossValidation_BDTG_fold3.weights.xml
                         : Reading weightfile: BDT_run3/weights/TMVACrossValidation_BDTG_fold4.weights.xml
                         : Reading weight file: BDT_run3/weights/TMVACrossValidation_BDTG_fold4.weights.xml
                         : Reading weightfile: BDT_run3/weights/TMVACrossValidation_BDTG_fold5.weights.xml
                         : Reading weight file: BDT_run3/weights/TMVACrossValidation_BDTG_fold5.weights.xml
                         : Booked classifier "BDTG" of type: "CrossValidation"
72974 entries to be processed...
                         : Rebuilding Dataset Default
 Fiducial: 16615.79
Filter(1): 4867.88
Filter(2): 792907.12
  anaCode: 30322.86
   presel: 7234.55
   trigWt: 6106.08
     PuWt: 6259.63
   muIDWt: 6170.25
recoCorWt: 6388.14
      BDT: 5969.66
   trigSF: 5962.59
=== MUON_lowpt_EFF_RECO_STAT_LOWPT_dn_k1_isRun31_isBs21 ===

200000 entries to be processed...
5020000 entries to be processed...
                         : Booking "BDTG" of type "CrossValidation" from BDT_run2/weights/TMVACrossValidation_BDTG.weights.xml.
                         : Reading weight file: BDT_run2/weights/TMVACrossValidation_BDTG.weights.xml
<HEADER> DataSetInfo              : [Default] : Added class "Signal"
<HEADER> DataSetInfo              : [Default] : Added class "Background"
                         : Reading weightfile: BDT_run2/weights/TMVACrossValidation_BDTG_fold1.weights.xml
                         : Reading weight file: BDT_run2/weights/TMVACrossValidation_BDTG_fold1.weights.xml
                         : Reading weightfile: BDT_run2/weights/TMVACrossValidation_BDTG_fold2.weights.xml
                         : Reading weight file: BDT_run2/weights/TMVACrossValidation_BDTG_fold2.weights.xml
                         : Reading weightfile: BDT_run2/weights/TMVACrossValidation_BDTG_fold3.weights.xml
                         : Reading weight file: BDT_run2/weights/TMVACrossValidation_BDTG_fold3.weights.xml
                         : Reading weightfile: BDT_run2/weights/TMVACrossValidation_BDTG_fold4.weights.xml
                         : Reading weight file: BDT_run2/weights/TMVACrossValidation_BDTG_fold4.weights.xml
                         : Reading weightfile: BDT_run2/weights/TMVACrossValidation_BDTG_fold5.weights.xml
                         : Reading weight file: BDT_run2/weights/TMVACrossValidation_BDTG_fold5.weights.xml
                         : Booked classifier "BDTG" of type: "CrossValidation"
                         : Booking "BDTG" of type "CrossValidation" from BDT_run3/weights/TMVACrossValidation_BDTG.weights.xml.
                         : Reading weight file: BDT_run3/weights/TMVACrossValidation_BDTG.weights.xml
<HEADER> DataSetInfo              : [Default] : Added class "Signal"
<HEADER> DataSetInfo              : [Default] : Added class "Background"
                         : Reading weightfile: BDT_run3/weights/TMVACrossValidation_BDTG_fold1.weights.xml
                         : Reading weight file: BDT_run3/weights/TMVACrossValidation_BDTG_fold1.weights.xml
                         : Reading weightfile: BDT_run3/weights/TMVACrossValidation_BDTG_fold2.weights.xml
                         : Reading weight file: BDT_run3/weights/TMVACrossValidation_BDTG_fold2.weights.xml
                         : Reading weightfile: BDT_run3/weights/TMVACrossValidation_BDTG_fold3.weights.xml
                         : Reading weight file: BDT_run3/weights/TMVACrossValidation_BDTG_fold3.weights.xml
                         : Reading weightfile: BDT_run3/weights/TMVACrossValidation_BDTG_fold4.weights.xml
                         : Reading weight file: BDT_run3/weights/TMVACrossValidation_BDTG_fold4.weights.xml
                         : Reading weightfile: BDT_run3/weights/TMVACrossValidation_BDTG_fold5.weights.xml
                         : Reading weight file: BDT_run3/weights/TMVACrossValidation_BDTG_fold5.weights.xml
                         : Booked classifier "BDTG" of type: "CrossValidation"
254288 entries to be processed...
                         : Rebuilding Dataset Default
 Fiducial: 23610.89, 10232.54
Filter(1): 6805.84, 2863.12
Filter(2): 1935445.88, 828212.44
  anaCode: 74937.45, 32265.78
   presel: 17903.83, 7649.59
   trigWt: 15042.90, 6430.44
     PuWt: 15188.91, 6472.78
   muIDWt: 14881.93, 6340.81
recoCorWt: 15210.67, 6539.29
      BDT: 14374.84, 6140.54
   trigSF: 14314.19, 6121.54
=== MUON_lowpt_EFF_RECO_STAT_LOWPT_dn_k1_isRun31_isBs20 ===

100000 entries to be processed...
1440000 entries to be processed...
                         : Booking "BDTG" of type "CrossValidation" from BDT_run2/weights/TMVACrossValidation_BDTG.weights.xml.
                         : Reading weight file: BDT_run2/weights/TMVACrossValidation_BDTG.weights.xml
<HEADER> DataSetInfo              : [Default] : Added class "Signal"
<HEADER> DataSetInfo              : [Default] : Added class "Background"
                         : Reading weightfile: BDT_run2/weights/TMVACrossValidation_BDTG_fold1.weights.xml
                         : Reading weight file: BDT_run2/weights/TMVACrossValidation_BDTG_fold1.weights.xml
                         : Reading weightfile: BDT_run2/weights/TMVACrossValidation_BDTG_fold2.weights.xml
                         : Reading weight file: BDT_run2/weights/TMVACrossValidation_BDTG_fold2.weights.xml
                         : Reading weightfile: BDT_run2/weights/TMVACrossValidation_BDTG_fold3.weights.xml
                         : Reading weight file: BDT_run2/weights/TMVACrossValidation_BDTG_fold3.weights.xml
                         : Reading weightfile: BDT_run2/weights/TMVACrossValidation_BDTG_fold4.weights.xml
                         : Reading weight file: BDT_run2/weights/TMVACrossValidation_BDTG_fold4.weights.xml
                         : Reading weightfile: BDT_run2/weights/TMVACrossValidation_BDTG_fold5.weights.xml
                         : Reading weight file: BDT_run2/weights/TMVACrossValidation_BDTG_fold5.weights.xml
                         : Booked classifier "BDTG" of type: "CrossValidation"
                         : Booking "BDTG" of type "CrossValidation" from BDT_run3/weights/TMVACrossValidation_BDTG.weights.xml.
                         : Reading weight file: BDT_run3/weights/TMVACrossValidation_BDTG.weights.xml
<HEADER> DataSetInfo              : [Default] : Added class "Signal"
<HEADER> DataSetInfo              : [Default] : Added class "Background"
                         : Reading weightfile: BDT_run3/weights/TMVACrossValidation_BDTG_fold1.weights.xml
                         : Reading weight file: BDT_run3/weights/TMVACrossValidation_BDTG_fold1.weights.xml
                         : Reading weightfile: BDT_run3/weights/TMVACrossValidation_BDTG_fold2.weights.xml
                         : Reading weight file: BDT_run3/weights/TMVACrossValidation_BDTG_fold2.weights.xml
                         : Reading weightfile: BDT_run3/weights/TMVACrossValidation_BDTG_fold3.weights.xml
                         : Reading weight file: BDT_run3/weights/TMVACrossValidation_BDTG_fold3.weights.xml
                         : Reading weightfile: BDT_run3/weights/TMVACrossValidation_BDTG_fold4.weights.xml
                         : Reading weight file: BDT_run3/weights/TMVACrossValidation_BDTG_fold4.weights.xml
                         : Reading weightfile: BDT_run3/weights/TMVACrossValidation_BDTG_fold5.weights.xml
                         : Reading weight file: BDT_run3/weights/TMVACrossValidation_BDTG_fold5.weights.xml
                         : Booked classifier "BDTG" of type: "CrossValidation"
72974 entries to be processed...
                         : Rebuilding Dataset Default
 Fiducial: 16615.79
Filter(1): 4867.88
Filter(2): 792907.12
  anaCode: 30322.86
   presel: 7234.55
   trigWt: 6106.08
     PuWt: 6259.63
   muIDWt: 6135.81
recoCorWt: 6358.41
      BDT: 5943.27
   trigSF: 5936.62
[MUON_lowpt_EFF_RECO_STAT_LOWPT] k=1 isRun3=1
  norm  eps2/eps1=0.4271498914714912  eps3/eps1=0.41338189822190885
  up    eps2/eps1=0.42714026068442645  eps3/eps1=0.41333264094441846
  down  eps2/eps1=0.4271727546184862  eps3/eps1=0.41344947143759514
  rel   eps2/eps1=-0.002%/+0.005%  eps3/eps1=-0.012%/+0.016%
=== MUON_lowpt_EFF_RECO_SYS_up_k2_isRun30_isBs21 ===

200000 entries to be processed...
3940000 entries to be processed...
                         : Booking "BDTG" of type "CrossValidation" from BDT_run2/weights/TMVACrossValidation_BDTG.weights.xml.
                         : Reading weight file: BDT_run2/weights/TMVACrossValidation_BDTG.weights.xml
<HEADER> DataSetInfo              : [Default] : Added class "Signal"
<HEADER> DataSetInfo              : [Default] : Added class "Background"
                         : Reading weightfile: BDT_run2/weights/TMVACrossValidation_BDTG_fold1.weights.xml
                         : Reading weight file: BDT_run2/weights/TMVACrossValidation_BDTG_fold1.weights.xml
                         : Reading weightfile: BDT_run2/weights/TMVACrossValidation_BDTG_fold2.weights.xml
                         : Reading weight file: BDT_run2/weights/TMVACrossValidation_BDTG_fold2.weights.xml
                         : Reading weightfile: BDT_run2/weights/TMVACrossValidation_BDTG_fold3.weights.xml
                         : Reading weight file: BDT_run2/weights/TMVACrossValidation_BDTG_fold3.weights.xml
                         : Reading weightfile: BDT_run2/weights/TMVACrossValidation_BDTG_fold4.weights.xml
                         : Reading weight file: BDT_run2/weights/TMVACrossValidation_BDTG_fold4.weights.xml
                         : Reading weightfile: BDT_run2/weights/TMVACrossValidation_BDTG_fold5.weights.xml
                         : Reading weight file: BDT_run2/weights/TMVACrossValidation_BDTG_fold5.weights.xml
                         : Booked classifier "BDTG" of type: "CrossValidation"
                         : Booking "BDTG" of type "CrossValidation" from BDT_run3/weights/TMVACrossValidation_BDTG.weights.xml.
                         : Reading weight file: BDT_run3/weights/TMVACrossValidation_BDTG.weights.xml
<HEADER> DataSetInfo              : [Default] : Added class "Signal"
<HEADER> DataSetInfo              : [Default] : Added class "Background"
                         : Reading weightfile: BDT_run3/weights/TMVACrossValidation_BDTG_fold1.weights.xml
                         : Reading weight file: BDT_run3/weights/TMVACrossValidation_BDTG_fold1.weights.xml
                         : Reading weightfile: BDT_run3/weights/TMVACrossValidation_BDTG_fold2.weights.xml
                         : Reading weight file: BDT_run3/weights/TMVACrossValidation_BDTG_fold2.weights.xml
                         : Reading weightfile: BDT_run3/weights/TMVACrossValidation_BDTG_fold3.weights.xml
                         : Reading weight file: BDT_run3/weights/TMVACrossValidation_BDTG_fold3.weights.xml
                         : Reading weightfile: BDT_run3/weights/TMVACrossValidation_BDTG_fold4.weights.xml
                         : Reading weight file: BDT_run3/weights/TMVACrossValidation_BDTG_fold4.weights.xml
                         : Reading weightfile: BDT_run3/weights/TMVACrossValidation_BDTG_fold5.weights.xml
                         : Reading weight file: BDT_run3/weights/TMVACrossValidation_BDTG_fold5.weights.xml
                         : Booked classifier "BDTG" of type: "CrossValidation"
207600 entries to be processed...
                         : Rebuilding Dataset Default
 Fiducial: 23246.23, 9668.44
Filter(1): 6430.00, 2731.94
Filter(2): 1444789.38, 618564.12
  anaCode: 55362.69, 23504.99
   presel: 15078.15, 6325.59
   trigWt: 12124.72, 5113.65
     PuWt: 12213.46, 5163.51
   muIDWt: 12410.52, 5246.36
recoCorWt: 12282.48, 5110.22
      BDT: 11554.53, 4812.33
   trigSF: 10795.99, 4478.47
=== MUON_lowpt_EFF_RECO_SYS_up_k2_isRun30_isBs20 ===

100000 entries to be processed...
1140000 entries to be processed...
                         : Booking "BDTG" of type "CrossValidation" from BDT_run2/weights/TMVACrossValidation_BDTG.weights.xml.
                         : Reading weight file: BDT_run2/weights/TMVACrossValidation_BDTG.weights.xml
<HEADER> DataSetInfo              : [Default] : Added class "Signal"
<HEADER> DataSetInfo              : [Default] : Added class "Background"
                         : Reading weightfile: BDT_run2/weights/TMVACrossValidation_BDTG_fold1.weights.xml
                         : Reading weight file: BDT_run2/weights/TMVACrossValidation_BDTG_fold1.weights.xml
                         : Reading weightfile: BDT_run2/weights/TMVACrossValidation_BDTG_fold2.weights.xml
                         : Reading weight file: BDT_run2/weights/TMVACrossValidation_BDTG_fold2.weights.xml
                         : Reading weightfile: BDT_run2/weights/TMVACrossValidation_BDTG_fold3.weights.xml
                         : Reading weight file: BDT_run2/weights/TMVACrossValidation_BDTG_fold3.weights.xml
                         : Reading weightfile: BDT_run2/weights/TMVACrossValidation_BDTG_fold4.weights.xml
                         : Reading weight file: BDT_run2/weights/TMVACrossValidation_BDTG_fold4.weights.xml
                         : Reading weightfile: BDT_run2/weights/TMVACrossValidation_BDTG_fold5.weights.xml
                         : Reading weight file: BDT_run2/weights/TMVACrossValidation_BDTG_fold5.weights.xml
                         : Booked classifier "BDTG" of type: "CrossValidation"
                         : Booking "BDTG" of type "CrossValidation" from BDT_run3/weights/TMVACrossValidation_BDTG.weights.xml.
                         : Reading weight file: BDT_run3/weights/TMVACrossValidation_BDTG.weights.xml
<HEADER> DataSetInfo              : [Default] : Added class "Signal"
<HEADER> DataSetInfo              : [Default] : Added class "Background"
                         : Reading weightfile: BDT_run3/weights/TMVACrossValidation_BDTG_fold1.weights.xml
                         : Reading weight file: BDT_run3/weights/TMVACrossValidation_BDTG_fold1.weights.xml
                         : Reading weightfile: BDT_run3/weights/TMVACrossValidation_BDTG_fold2.weights.xml
                         : Reading weight file: BDT_run3/weights/TMVACrossValidation_BDTG_fold2.weights.xml
                         : Reading weightfile: BDT_run3/weights/TMVACrossValidation_BDTG_fold3.weights.xml
                         : Reading weight file: BDT_run3/weights/TMVACrossValidation_BDTG_fold3.weights.xml
                         : Reading weightfile: BDT_run3/weights/TMVACrossValidation_BDTG_fold4.weights.xml
                         : Reading weight file: BDT_run3/weights/TMVACrossValidation_BDTG_fold4.weights.xml
                         : Reading weightfile: BDT_run3/weights/TMVACrossValidation_BDTG_fold5.weights.xml
                         : Reading weight file: BDT_run3/weights/TMVACrossValidation_BDTG_fold5.weights.xml
                         : Booked classifier "BDTG" of type: "CrossValidation"
59543 entries to be processed...
                         : Rebuilding Dataset Default
 Fiducial: 16565.37
Filter(1): 4574.00
Filter(2): 598129.38
  anaCode: 22286.43
   presel: 5906.50
   trigWt: 4825.25
     PuWt: 4878.75
   muIDWt: 4954.27
recoCorWt: 4788.83
      BDT: 4509.02
   trigSF: 4232.24
=== MUON_lowpt_EFF_RECO_SYS_dn_k2_isRun30_isBs21 ===

200000 entries to be processed...
3940000 entries to be processed...
                         : Booking "BDTG" of type "CrossValidation" from BDT_run2/weights/TMVACrossValidation_BDTG.weights.xml.
                         : Reading weight file: BDT_run2/weights/TMVACrossValidation_BDTG.weights.xml
<HEADER> DataSetInfo              : [Default] : Added class "Signal"
<HEADER> DataSetInfo              : [Default] : Added class "Background"
                         : Reading weightfile: BDT_run2/weights/TMVACrossValidation_BDTG_fold1.weights.xml
                         : Reading weight file: BDT_run2/weights/TMVACrossValidation_BDTG_fold1.weights.xml
                         : Reading weightfile: BDT_run2/weights/TMVACrossValidation_BDTG_fold2.weights.xml
                         : Reading weight file: BDT_run2/weights/TMVACrossValidation_BDTG_fold2.weights.xml
                         : Reading weightfile: BDT_run2/weights/TMVACrossValidation_BDTG_fold3.weights.xml
                         : Reading weight file: BDT_run2/weights/TMVACrossValidation_BDTG_fold3.weights.xml
                         : Reading weightfile: BDT_run2/weights/TMVACrossValidation_BDTG_fold4.weights.xml
                         : Reading weight file: BDT_run2/weights/TMVACrossValidation_BDTG_fold4.weights.xml
                         : Reading weightfile: BDT_run2/weights/TMVACrossValidation_BDTG_fold5.weights.xml
                         : Reading weight file: BDT_run2/weights/TMVACrossValidation_BDTG_fold5.weights.xml
                         : Booked classifier "BDTG" of type: "CrossValidation"
                         : Booking "BDTG" of type "CrossValidation" from BDT_run3/weights/TMVACrossValidation_BDTG.weights.xml.
                         : Reading weight file: BDT_run3/weights/TMVACrossValidation_BDTG.weights.xml
<HEADER> DataSetInfo              : [Default] : Added class "Signal"
<HEADER> DataSetInfo              : [Default] : Added class "Background"
                         : Reading weightfile: BDT_run3/weights/TMVACrossValidation_BDTG_fold1.weights.xml
                         : Reading weight file: BDT_run3/weights/TMVACrossValidation_BDTG_fold1.weights.xml
                         : Reading weightfile: BDT_run3/weights/TMVACrossValidation_BDTG_fold2.weights.xml
                         : Reading weight file: BDT_run3/weights/TMVACrossValidation_BDTG_fold2.weights.xml
                         : Reading weightfile: BDT_run3/weights/TMVACrossValidation_BDTG_fold3.weights.xml
                         : Reading weight file: BDT_run3/weights/TMVACrossValidation_BDTG_fold3.weights.xml
                         : Reading weightfile: BDT_run3/weights/TMVACrossValidation_BDTG_fold4.weights.xml
                         : Reading weight file: BDT_run3/weights/TMVACrossValidation_BDTG_fold4.weights.xml
                         : Reading weightfile: BDT_run3/weights/TMVACrossValidation_BDTG_fold5.weights.xml
                         : Reading weight file: BDT_run3/weights/TMVACrossValidation_BDTG_fold5.weights.xml
                         : Booked classifier "BDTG" of type: "CrossValidation"
207600 entries to be processed...
                         : Rebuilding Dataset Default
 Fiducial: 23246.23, 9668.44
Filter(1): 6430.00, 2731.94
Filter(2): 1444789.38, 618564.12
  anaCode: 55362.69, 23504.99
   presel: 15078.15, 6325.59
   trigWt: 12124.72, 5113.65
     PuWt: 12213.46, 5163.51
   muIDWt: 12410.52, 5246.36
recoCorWt: 12282.48, 5110.22
      BDT: 11554.53, 4812.33
   trigSF: 10795.99, 4478.47
=== MUON_lowpt_EFF_RECO_SYS_dn_k2_isRun30_isBs20 ===

100000 entries to be processed...
1140000 entries to be processed...
                         : Booking "BDTG" of type "CrossValidation" from BDT_run2/weights/TMVACrossValidation_BDTG.weights.xml.
                         : Reading weight file: BDT_run2/weights/TMVACrossValidation_BDTG.weights.xml
<HEADER> DataSetInfo              : [Default] : Added class "Signal"
<HEADER> DataSetInfo              : [Default] : Added class "Background"
                         : Reading weightfile: BDT_run2/weights/TMVACrossValidation_BDTG_fold1.weights.xml
                         : Reading weight file: BDT_run2/weights/TMVACrossValidation_BDTG_fold1.weights.xml
                         : Reading weightfile: BDT_run2/weights/TMVACrossValidation_BDTG_fold2.weights.xml
                         : Reading weight file: BDT_run2/weights/TMVACrossValidation_BDTG_fold2.weights.xml
                         : Reading weightfile: BDT_run2/weights/TMVACrossValidation_BDTG_fold3.weights.xml
                         : Reading weight file: BDT_run2/weights/TMVACrossValidation_BDTG_fold3.weights.xml
                         : Reading weightfile: BDT_run2/weights/TMVACrossValidation_BDTG_fold4.weights.xml
                         : Reading weight file: BDT_run2/weights/TMVACrossValidation_BDTG_fold4.weights.xml
                         : Reading weightfile: BDT_run2/weights/TMVACrossValidation_BDTG_fold5.weights.xml
                         : Reading weight file: BDT_run2/weights/TMVACrossValidation_BDTG_fold5.weights.xml
                         : Booked classifier "BDTG" of type: "CrossValidation"
                         : Booking "BDTG" of type "CrossValidation" from BDT_run3/weights/TMVACrossValidation_BDTG.weights.xml.
                         : Reading weight file: BDT_run3/weights/TMVACrossValidation_BDTG.weights.xml
<HEADER> DataSetInfo              : [Default] : Added class "Signal"
<HEADER> DataSetInfo              : [Default] : Added class "Background"
                         : Reading weightfile: BDT_run3/weights/TMVACrossValidation_BDTG_fold1.weights.xml
                         : Reading weight file: BDT_run3/weights/TMVACrossValidation_BDTG_fold1.weights.xml
                         : Reading weightfile: BDT_run3/weights/TMVACrossValidation_BDTG_fold2.weights.xml
                         : Reading weight file: BDT_run3/weights/TMVACrossValidation_BDTG_fold2.weights.xml
                         : Reading weightfile: BDT_run3/weights/TMVACrossValidation_BDTG_fold3.weights.xml
                         : Reading weight file: BDT_run3/weights/TMVACrossValidation_BDTG_fold3.weights.xml
                         : Reading weightfile: BDT_run3/weights/TMVACrossValidation_BDTG_fold4.weights.xml
                         : Reading weight file: BDT_run3/weights/TMVACrossValidation_BDTG_fold4.weights.xml
                         : Reading weightfile: BDT_run3/weights/TMVACrossValidation_BDTG_fold5.weights.xml
                         : Reading weight file: BDT_run3/weights/TMVACrossValidation_BDTG_fold5.weights.xml
                         : Booked classifier "BDTG" of type: "CrossValidation"
59543 entries to be processed...
                         : Rebuilding Dataset Default
 Fiducial: 16565.37
Filter(1): 4574.00
Filter(2): 598129.38
  anaCode: 22286.43
   presel: 5906.50
   trigWt: 4825.25
     PuWt: 4878.75
   muIDWt: 4954.27
recoCorWt: 4788.83
      BDT: 4509.02
   trigSF: 4232.24
[MUON_lowpt_EFF_RECO_SYS] k=2 isRun3=0
  norm  eps2/eps1=0.41648859797845517  eps3/eps1=0.39023828749416895
  up    eps2/eps1=0.41648859797845517  eps3/eps1=0.39023828749416895
  down  eps2/eps1=0.41648859797845517  eps3/eps1=0.39023828749416895
  rel   eps2/eps1=+0.000%/+0.000%  eps3/eps1=+0.000%/+0.000%
=== MUON_lowpt_EFF_RECO_SYS_up_k2_isRun31_isBs21 ===

200000 entries to be processed...
5020000 entries to be processed...
                         : Booking "BDTG" of type "CrossValidation" from BDT_run2/weights/TMVACrossValidation_BDTG.weights.xml.
                         : Reading weight file: BDT_run2/weights/TMVACrossValidation_BDTG.weights.xml
<HEADER> DataSetInfo              : [Default] : Added class "Signal"
<HEADER> DataSetInfo              : [Default] : Added class "Background"
                         : Reading weightfile: BDT_run2/weights/TMVACrossValidation_BDTG_fold1.weights.xml
                         : Reading weight file: BDT_run2/weights/TMVACrossValidation_BDTG_fold1.weights.xml
                         : Reading weightfile: BDT_run2/weights/TMVACrossValidation_BDTG_fold2.weights.xml
                         : Reading weight file: BDT_run2/weights/TMVACrossValidation_BDTG_fold2.weights.xml
                         : Reading weightfile: BDT_run2/weights/TMVACrossValidation_BDTG_fold3.weights.xml
                         : Reading weight file: BDT_run2/weights/TMVACrossValidation_BDTG_fold3.weights.xml
                         : Reading weightfile: BDT_run2/weights/TMVACrossValidation_BDTG_fold4.weights.xml
                         : Reading weight file: BDT_run2/weights/TMVACrossValidation_BDTG_fold4.weights.xml
                         : Reading weightfile: BDT_run2/weights/TMVACrossValidation_BDTG_fold5.weights.xml
                         : Reading weight file: BDT_run2/weights/TMVACrossValidation_BDTG_fold5.weights.xml
                         : Booked classifier "BDTG" of type: "CrossValidation"
                         : Booking "BDTG" of type "CrossValidation" from BDT_run3/weights/TMVACrossValidation_BDTG.weights.xml.
                         : Reading weight file: BDT_run3/weights/TMVACrossValidation_BDTG.weights.xml
<HEADER> DataSetInfo              : [Default] : Added class "Signal"
<HEADER> DataSetInfo              : [Default] : Added class "Background"
                         : Reading weightfile: BDT_run3/weights/TMVACrossValidation_BDTG_fold1.weights.xml
                         : Reading weight file: BDT_run3/weights/TMVACrossValidation_BDTG_fold1.weights.xml
                         : Reading weightfile: BDT_run3/weights/TMVACrossValidation_BDTG_fold2.weights.xml
                         : Reading weight file: BDT_run3/weights/TMVACrossValidation_BDTG_fold2.weights.xml
                         : Reading weightfile: BDT_run3/weights/TMVACrossValidation_BDTG_fold3.weights.xml
                         : Reading weight file: BDT_run3/weights/TMVACrossValidation_BDTG_fold3.weights.xml
                         : Reading weightfile: BDT_run3/weights/TMVACrossValidation_BDTG_fold4.weights.xml
                         : Reading weight file: BDT_run3/weights/TMVACrossValidation_BDTG_fold4.weights.xml
                         : Reading weightfile: BDT_run3/weights/TMVACrossValidation_BDTG_fold5.weights.xml
                         : Reading weight file: BDT_run3/weights/TMVACrossValidation_BDTG_fold5.weights.xml
                         : Booked classifier "BDTG" of type: "CrossValidation"
254288 entries to be processed...
                         : Rebuilding Dataset Default
 Fiducial: 23610.89, 10232.54
Filter(1): 6805.84, 2863.12
Filter(2): 1935445.88, 828212.44
  anaCode: 74937.45, 32265.78
   presel: 17903.83, 7649.59
   trigWt: 15042.90, 6430.44
     PuWt: 15188.91, 6472.78
   muIDWt: 14930.07, 6360.95
recoCorWt: 15249.76, 6555.68
      BDT: 14410.96, 6155.64
   trigSF: 14349.88, 6136.41
=== MUON_lowpt_EFF_RECO_SYS_up_k2_isRun31_isBs20 ===

100000 entries to be processed...
1440000 entries to be processed...
                         : Booking "BDTG" of type "CrossValidation" from BDT_run2/weights/TMVACrossValidation_BDTG.weights.xml.
                         : Reading weight file: BDT_run2/weights/TMVACrossValidation_BDTG.weights.xml
<HEADER> DataSetInfo              : [Default] : Added class "Signal"
<HEADER> DataSetInfo              : [Default] : Added class "Background"
                         : Reading weightfile: BDT_run2/weights/TMVACrossValidation_BDTG_fold1.weights.xml
                         : Reading weight file: BDT_run2/weights/TMVACrossValidation_BDTG_fold1.weights.xml
                         : Reading weightfile: BDT_run2/weights/TMVACrossValidation_BDTG_fold2.weights.xml
                         : Reading weight file: BDT_run2/weights/TMVACrossValidation_BDTG_fold2.weights.xml
                         : Reading weightfile: BDT_run2/weights/TMVACrossValidation_BDTG_fold3.weights.xml
                         : Reading weight file: BDT_run2/weights/TMVACrossValidation_BDTG_fold3.weights.xml
                         : Reading weightfile: BDT_run2/weights/TMVACrossValidation_BDTG_fold4.weights.xml
                         : Reading weight file: BDT_run2/weights/TMVACrossValidation_BDTG_fold4.weights.xml
                         : Reading weightfile: BDT_run2/weights/TMVACrossValidation_BDTG_fold5.weights.xml
                         : Reading weight file: BDT_run2/weights/TMVACrossValidation_BDTG_fold5.weights.xml
                         : Booked classifier "BDTG" of type: "CrossValidation"
                         : Booking "BDTG" of type "CrossValidation" from BDT_run3/weights/TMVACrossValidation_BDTG.weights.xml.
                         : Reading weight file: BDT_run3/weights/TMVACrossValidation_BDTG.weights.xml
<HEADER> DataSetInfo              : [Default] : Added class "Signal"
<HEADER> DataSetInfo              : [Default] : Added class "Background"
                         : Reading weightfile: BDT_run3/weights/TMVACrossValidation_BDTG_fold1.weights.xml
                         : Reading weight file: BDT_run3/weights/TMVACrossValidation_BDTG_fold1.weights.xml
                         : Reading weightfile: BDT_run3/weights/TMVACrossValidation_BDTG_fold2.weights.xml
                         : Reading weight file: BDT_run3/weights/TMVACrossValidation_BDTG_fold2.weights.xml
                         : Reading weightfile: BDT_run3/weights/TMVACrossValidation_BDTG_fold3.weights.xml
                         : Reading weight file: BDT_run3/weights/TMVACrossValidation_BDTG_fold3.weights.xml
                         : Reading weightfile: BDT_run3/weights/TMVACrossValidation_BDTG_fold4.weights.xml
                         : Reading weight file: BDT_run3/weights/TMVACrossValidation_BDTG_fold4.weights.xml
                         : Reading weightfile: BDT_run3/weights/TMVACrossValidation_BDTG_fold5.weights.xml
                         : Reading weight file: BDT_run3/weights/TMVACrossValidation_BDTG_fold5.weights.xml
                         : Booked classifier "BDTG" of type: "CrossValidation"
72974 entries to be processed...
                         : Rebuilding Dataset Default
 Fiducial: 16615.79
Filter(1): 4867.88
Filter(2): 792907.12
  anaCode: 30322.86
   presel: 7234.55
   trigWt: 6106.08
     PuWt: 6259.63
   muIDWt: 6153.99
recoCorWt: 6374.10
      BDT: 5957.23
   trigSF: 5950.33
=== MUON_lowpt_EFF_RECO_SYS_dn_k2_isRun31_isBs21 ===

200000 entries to be processed...
5020000 entries to be processed...
                         : Booking "BDTG" of type "CrossValidation" from BDT_run2/weights/TMVACrossValidation_BDTG.weights.xml.
                         : Reading weight file: BDT_run2/weights/TMVACrossValidation_BDTG.weights.xml
<HEADER> DataSetInfo              : [Default] : Added class "Signal"
<HEADER> DataSetInfo              : [Default] : Added class "Background"
                         : Reading weightfile: BDT_run2/weights/TMVACrossValidation_BDTG_fold1.weights.xml
                         : Reading weight file: BDT_run2/weights/TMVACrossValidation_BDTG_fold1.weights.xml
                         : Reading weightfile: BDT_run2/weights/TMVACrossValidation_BDTG_fold2.weights.xml
                         : Reading weight file: BDT_run2/weights/TMVACrossValidation_BDTG_fold2.weights.xml
                         : Reading weightfile: BDT_run2/weights/TMVACrossValidation_BDTG_fold3.weights.xml
                         : Reading weight file: BDT_run2/weights/TMVACrossValidation_BDTG_fold3.weights.xml
                         : Reading weightfile: BDT_run2/weights/TMVACrossValidation_BDTG_fold4.weights.xml
                         : Reading weight file: BDT_run2/weights/TMVACrossValidation_BDTG_fold4.weights.xml
                         : Reading weightfile: BDT_run2/weights/TMVACrossValidation_BDTG_fold5.weights.xml
                         : Reading weight file: BDT_run2/weights/TMVACrossValidation_BDTG_fold5.weights.xml
                         : Booked classifier "BDTG" of type: "CrossValidation"
                         : Booking "BDTG" of type "CrossValidation" from BDT_run3/weights/TMVACrossValidation_BDTG.weights.xml.
                         : Reading weight file: BDT_run3/weights/TMVACrossValidation_BDTG.weights.xml
<HEADER> DataSetInfo              : [Default] : Added class "Signal"
<HEADER> DataSetInfo              : [Default] : Added class "Background"
                         : Reading weightfile: BDT_run3/weights/TMVACrossValidation_BDTG_fold1.weights.xml
                         : Reading weight file: BDT_run3/weights/TMVACrossValidation_BDTG_fold1.weights.xml
                         : Reading weightfile: BDT_run3/weights/TMVACrossValidation_BDTG_fold2.weights.xml
                         : Reading weight file: BDT_run3/weights/TMVACrossValidation_BDTG_fold2.weights.xml
                         : Reading weightfile: BDT_run3/weights/TMVACrossValidation_BDTG_fold3.weights.xml
                         : Reading weight file: BDT_run3/weights/TMVACrossValidation_BDTG_fold3.weights.xml
                         : Reading weightfile: BDT_run3/weights/TMVACrossValidation_BDTG_fold4.weights.xml
                         : Reading weight file: BDT_run3/weights/TMVACrossValidation_BDTG_fold4.weights.xml
                         : Reading weightfile: BDT_run3/weights/TMVACrossValidation_BDTG_fold5.weights.xml
                         : Reading weight file: BDT_run3/weights/TMVACrossValidation_BDTG_fold5.weights.xml
                         : Booked classifier "BDTG" of type: "CrossValidation"
254288 entries to be processed...
                         : Rebuilding Dataset Default
 Fiducial: 23610.89, 10232.54
Filter(1): 6805.84, 2863.12
Filter(2): 1935445.88, 828212.44
  anaCode: 74937.45, 32265.78
   presel: 17903.83, 7649.59
   trigWt: 15042.90, 6430.44
     PuWt: 15188.91, 6472.78
   muIDWt: 14930.07, 6360.95
recoCorWt: 15249.76, 6555.68
      BDT: 14410.96, 6155.64
   trigSF: 14349.88, 6136.41
=== MUON_lowpt_EFF_RECO_SYS_dn_k2_isRun31_isBs20 ===

100000 entries to be processed...
1440000 entries to be processed...
                         : Booking "BDTG" of type "CrossValidation" from BDT_run2/weights/TMVACrossValidation_BDTG.weights.xml.
                         : Reading weight file: BDT_run2/weights/TMVACrossValidation_BDTG.weights.xml
<HEADER> DataSetInfo              : [Default] : Added class "Signal"
<HEADER> DataSetInfo              : [Default] : Added class "Background"
                         : Reading weightfile: BDT_run2/weights/TMVACrossValidation_BDTG_fold1.weights.xml
                         : Reading weight file: BDT_run2/weights/TMVACrossValidation_BDTG_fold1.weights.xml
                         : Reading weightfile: BDT_run2/weights/TMVACrossValidation_BDTG_fold2.weights.xml
                         : Reading weight file: BDT_run2/weights/TMVACrossValidation_BDTG_fold2.weights.xml
                         : Reading weightfile: BDT_run2/weights/TMVACrossValidation_BDTG_fold3.weights.xml
                         : Reading weight file: BDT_run2/weights/TMVACrossValidation_BDTG_fold3.weights.xml
                         : Reading weightfile: BDT_run2/weights/TMVACrossValidation_BDTG_fold4.weights.xml
                         : Reading weight file: BDT_run2/weights/TMVACrossValidation_BDTG_fold4.weights.xml
                         : Reading weightfile: BDT_run2/weights/TMVACrossValidation_BDTG_fold5.weights.xml
                         : Reading weight file: BDT_run2/weights/TMVACrossValidation_BDTG_fold5.weights.xml
                         : Booked classifier "BDTG" of type: "CrossValidation"
                         : Booking "BDTG" of type "CrossValidation" from BDT_run3/weights/TMVACrossValidation_BDTG.weights.xml.
                         : Reading weight file: BDT_run3/weights/TMVACrossValidation_BDTG.weights.xml
<HEADER> DataSetInfo              : [Default] : Added class "Signal"
<HEADER> DataSetInfo              : [Default] : Added class "Background"
                         : Reading weightfile: BDT_run3/weights/TMVACrossValidation_BDTG_fold1.weights.xml
                         : Reading weight file: BDT_run3/weights/TMVACrossValidation_BDTG_fold1.weights.xml
                         : Reading weightfile: BDT_run3/weights/TMVACrossValidation_BDTG_fold2.weights.xml
                         : Reading weight file: BDT_run3/weights/TMVACrossValidation_BDTG_fold2.weights.xml
                         : Reading weightfile: BDT_run3/weights/TMVACrossValidation_BDTG_fold3.weights.xml
                         : Reading weight file: BDT_run3/weights/TMVACrossValidation_BDTG_fold3.weights.xml
                         : Reading weightfile: BDT_run3/weights/TMVACrossValidation_BDTG_fold4.weights.xml
                         : Reading weight file: BDT_run3/weights/TMVACrossValidation_BDTG_fold4.weights.xml
                         : Reading weightfile: BDT_run3/weights/TMVACrossValidation_BDTG_fold5.weights.xml
                         : Reading weight file: BDT_run3/weights/TMVACrossValidation_BDTG_fold5.weights.xml
                         : Booked classifier "BDTG" of type: "CrossValidation"
72974 entries to be processed...
                         : Rebuilding Dataset Default
 Fiducial: 16615.79
Filter(1): 4867.88
Filter(2): 792907.12
  anaCode: 30322.86
   presel: 7234.55
   trigWt: 6106.08
     PuWt: 6259.63
   muIDWt: 6153.99
recoCorWt: 6374.10
      BDT: 5957.23
   trigSF: 5950.33
[MUON_lowpt_EFF_RECO_SYS] k=2 isRun3=1
  norm  eps2/eps1=0.4271498914714912  eps3/eps1=0.41338189822190885
  up    eps2/eps1=0.4271498914714912  eps3/eps1=0.41338189822190885
  down  eps2/eps1=0.4271498914714912  eps3/eps1=0.41338189822190885
  rel   eps2/eps1=+0.000%/+0.000%  eps3/eps1=+0.000%/+0.000%
=== MUON_lowpt_EFF_RECO_SYS_LOWPT_up_k3_isRun30_isBs21 ===

200000 entries to be processed...
3940000 entries to be processed...
                         : Booking "BDTG" of type "CrossValidation" from BDT_run2/weights/TMVACrossValidation_BDTG.weights.xml.
                         : Reading weight file: BDT_run2/weights/TMVACrossValidation_BDTG.weights.xml
<HEADER> DataSetInfo              : [Default] : Added class "Signal"
<HEADER> DataSetInfo              : [Default] : Added class "Background"
                         : Reading weightfile: BDT_run2/weights/TMVACrossValidation_BDTG_fold1.weights.xml
                         : Reading weight file: BDT_run2/weights/TMVACrossValidation_BDTG_fold1.weights.xml
                         : Reading weightfile: BDT_run2/weights/TMVACrossValidation_BDTG_fold2.weights.xml
                         : Reading weight file: BDT_run2/weights/TMVACrossValidation_BDTG_fold2.weights.xml
                         : Reading weightfile: BDT_run2/weights/TMVACrossValidation_BDTG_fold3.weights.xml
                         : Reading weight file: BDT_run2/weights/TMVACrossValidation_BDTG_fold3.weights.xml
                         : Reading weightfile: BDT_run2/weights/TMVACrossValidation_BDTG_fold4.weights.xml
                         : Reading weight file: BDT_run2/weights/TMVACrossValidation_BDTG_fold4.weights.xml
                         : Reading weightfile: BDT_run2/weights/TMVACrossValidation_BDTG_fold5.weights.xml
                         : Reading weight file: BDT_run2/weights/TMVACrossValidation_BDTG_fold5.weights.xml
                         : Booked classifier "BDTG" of type: "CrossValidation"
                         : Booking "BDTG" of type "CrossValidation" from BDT_run3/weights/TMVACrossValidation_BDTG.weights.xml.
                         : Reading weight file: BDT_run3/weights/TMVACrossValidation_BDTG.weights.xml
<HEADER> DataSetInfo              : [Default] : Added class "Signal"
<HEADER> DataSetInfo              : [Default] : Added class "Background"
                         : Reading weightfile: BDT_run3/weights/TMVACrossValidation_BDTG_fold1.weights.xml
                         : Reading weight file: BDT_run3/weights/TMVACrossValidation_BDTG_fold1.weights.xml
                         : Reading weightfile: BDT_run3/weights/TMVACrossValidation_BDTG_fold2.weights.xml
                         : Reading weight file: BDT_run3/weights/TMVACrossValidation_BDTG_fold2.weights.xml
                         : Reading weightfile: BDT_run3/weights/TMVACrossValidation_BDTG_fold3.weights.xml
                         : Reading weight file: BDT_run3/weights/TMVACrossValidation_BDTG_fold3.weights.xml
                         : Reading weightfile: BDT_run3/weights/TMVACrossValidation_BDTG_fold4.weights.xml
                         : Reading weight file: BDT_run3/weights/TMVACrossValidation_BDTG_fold4.weights.xml
                         : Reading weightfile: BDT_run3/weights/TMVACrossValidation_BDTG_fold5.weights.xml
                         : Reading weight file: BDT_run3/weights/TMVACrossValidation_BDTG_fold5.weights.xml
                         : Booked classifier "BDTG" of type: "CrossValidation"
207600 entries to be processed...
                         : Rebuilding Dataset Default
 Fiducial: 23246.23, 9668.44
Filter(1): 6430.00, 2731.94
Filter(2): 1444789.38, 618564.12
  anaCode: 55362.69, 23504.99
   presel: 15078.15, 6325.59
   trigWt: 12124.72, 5113.65
     PuWt: 12213.46, 5163.51
   muIDWt: 12410.52, 5246.36
recoCorWt: 12282.48, 5110.22
      BDT: 11554.53, 4812.33
   trigSF: 10795.99, 4478.47
=== MUON_lowpt_EFF_RECO_SYS_LOWPT_up_k3_isRun30_isBs20 ===

100000 entries to be processed...
1140000 entries to be processed...
                         : Booking "BDTG" of type "CrossValidation" from BDT_run2/weights/TMVACrossValidation_BDTG.weights.xml.
                         : Reading weight file: BDT_run2/weights/TMVACrossValidation_BDTG.weights.xml
<HEADER> DataSetInfo              : [Default] : Added class "Signal"
<HEADER> DataSetInfo              : [Default] : Added class "Background"
                         : Reading weightfile: BDT_run2/weights/TMVACrossValidation_BDTG_fold1.weights.xml
                         : Reading weight file: BDT_run2/weights/TMVACrossValidation_BDTG_fold1.weights.xml
                         : Reading weightfile: BDT_run2/weights/TMVACrossValidation_BDTG_fold2.weights.xml
                         : Reading weight file: BDT_run2/weights/TMVACrossValidation_BDTG_fold2.weights.xml
                         : Reading weightfile: BDT_run2/weights/TMVACrossValidation_BDTG_fold3.weights.xml
                         : Reading weight file: BDT_run2/weights/TMVACrossValidation_BDTG_fold3.weights.xml
                         : Reading weightfile: BDT_run2/weights/TMVACrossValidation_BDTG_fold4.weights.xml
                         : Reading weight file: BDT_run2/weights/TMVACrossValidation_BDTG_fold4.weights.xml
                         : Reading weightfile: BDT_run2/weights/TMVACrossValidation_BDTG_fold5.weights.xml
                         : Reading weight file: BDT_run2/weights/TMVACrossValidation_BDTG_fold5.weights.xml
                         : Booked classifier "BDTG" of type: "CrossValidation"
                         : Booking "BDTG" of type "CrossValidation" from BDT_run3/weights/TMVACrossValidation_BDTG.weights.xml.
                         : Reading weight file: BDT_run3/weights/TMVACrossValidation_BDTG.weights.xml
<HEADER> DataSetInfo              : [Default] : Added class "Signal"
<HEADER> DataSetInfo              : [Default] : Added class "Background"
                         : Reading weightfile: BDT_run3/weights/TMVACrossValidation_BDTG_fold1.weights.xml
                         : Reading weight file: BDT_run3/weights/TMVACrossValidation_BDTG_fold1.weights.xml
                         : Reading weightfile: BDT_run3/weights/TMVACrossValidation_BDTG_fold2.weights.xml
                         : Reading weight file: BDT_run3/weights/TMVACrossValidation_BDTG_fold2.weights.xml
                         : Reading weightfile: BDT_run3/weights/TMVACrossValidation_BDTG_fold3.weights.xml
                         : Reading weight file: BDT_run3/weights/TMVACrossValidation_BDTG_fold3.weights.xml
                         : Reading weightfile: BDT_run3/weights/TMVACrossValidation_BDTG_fold4.weights.xml
                         : Reading weight file: BDT_run3/weights/TMVACrossValidation_BDTG_fold4.weights.xml
                         : Reading weightfile: BDT_run3/weights/TMVACrossValidation_BDTG_fold5.weights.xml
                         : Reading weight file: BDT_run3/weights/TMVACrossValidation_BDTG_fold5.weights.xml
                         : Booked classifier "BDTG" of type: "CrossValidation"
59543 entries to be processed...
                         : Rebuilding Dataset Default
 Fiducial: 16565.37
Filter(1): 4574.00
Filter(2): 598129.38
  anaCode: 22286.43
   presel: 5906.50
   trigWt: 4825.25
     PuWt: 4878.75
   muIDWt: 4954.27
recoCorWt: 4788.83
      BDT: 4509.02
   trigSF: 4232.24
=== MUON_lowpt_EFF_RECO_SYS_LOWPT_dn_k3_isRun30_isBs21 ===

200000 entries to be processed...
3940000 entries to be processed...
                         : Booking "BDTG" of type "CrossValidation" from BDT_run2/weights/TMVACrossValidation_BDTG.weights.xml.
                         : Reading weight file: BDT_run2/weights/TMVACrossValidation_BDTG.weights.xml
<HEADER> DataSetInfo              : [Default] : Added class "Signal"
<HEADER> DataSetInfo              : [Default] : Added class "Background"
                         : Reading weightfile: BDT_run2/weights/TMVACrossValidation_BDTG_fold1.weights.xml
                         : Reading weight file: BDT_run2/weights/TMVACrossValidation_BDTG_fold1.weights.xml
                         : Reading weightfile: BDT_run2/weights/TMVACrossValidation_BDTG_fold2.weights.xml
                         : Reading weight file: BDT_run2/weights/TMVACrossValidation_BDTG_fold2.weights.xml
                         : Reading weightfile: BDT_run2/weights/TMVACrossValidation_BDTG_fold3.weights.xml
                         : Reading weight file: BDT_run2/weights/TMVACrossValidation_BDTG_fold3.weights.xml
                         : Reading weightfile: BDT_run2/weights/TMVACrossValidation_BDTG_fold4.weights.xml
                         : Reading weight file: BDT_run2/weights/TMVACrossValidation_BDTG_fold4.weights.xml
                         : Reading weightfile: BDT_run2/weights/TMVACrossValidation_BDTG_fold5.weights.xml
                         : Reading weight file: BDT_run2/weights/TMVACrossValidation_BDTG_fold5.weights.xml
                         : Booked classifier "BDTG" of type: "CrossValidation"
                         : Booking "BDTG" of type "CrossValidation" from BDT_run3/weights/TMVACrossValidation_BDTG.weights.xml.
                         : Reading weight file: BDT_run3/weights/TMVACrossValidation_BDTG.weights.xml
<HEADER> DataSetInfo              : [Default] : Added class "Signal"
<HEADER> DataSetInfo              : [Default] : Added class "Background"
                         : Reading weightfile: BDT_run3/weights/TMVACrossValidation_BDTG_fold1.weights.xml
                         : Reading weight file: BDT_run3/weights/TMVACrossValidation_BDTG_fold1.weights.xml
                         : Reading weightfile: BDT_run3/weights/TMVACrossValidation_BDTG_fold2.weights.xml
                         : Reading weight file: BDT_run3/weights/TMVACrossValidation_BDTG_fold2.weights.xml
                         : Reading weightfile: BDT_run3/weights/TMVACrossValidation_BDTG_fold3.weights.xml
                         : Reading weight file: BDT_run3/weights/TMVACrossValidation_BDTG_fold3.weights.xml
                         : Reading weightfile: BDT_run3/weights/TMVACrossValidation_BDTG_fold4.weights.xml
                         : Reading weight file: BDT_run3/weights/TMVACrossValidation_BDTG_fold4.weights.xml
                         : Reading weightfile: BDT_run3/weights/TMVACrossValidation_BDTG_fold5.weights.xml
                         : Reading weight file: BDT_run3/weights/TMVACrossValidation_BDTG_fold5.weights.xml
                         : Booked classifier "BDTG" of type: "CrossValidation"
207600 entries to be processed...
                         : Rebuilding Dataset Default
 Fiducial: 23246.23, 9668.44
Filter(1): 6430.00, 2731.94
Filter(2): 1444789.38, 618564.12
  anaCode: 55362.69, 23504.99
   presel: 15078.15, 6325.59
   trigWt: 12124.72, 5113.65
     PuWt: 12213.46, 5163.51
   muIDWt: 12410.52, 5246.36
recoCorWt: 12282.48, 5110.22
      BDT: 11554.53, 4812.33
   trigSF: 10795.99, 4478.47
=== MUON_lowpt_EFF_RECO_SYS_LOWPT_dn_k3_isRun30_isBs20 ===

100000 entries to be processed...
1140000 entries to be processed...
                         : Booking "BDTG" of type "CrossValidation" from BDT_run2/weights/TMVACrossValidation_BDTG.weights.xml.
                         : Reading weight file: BDT_run2/weights/TMVACrossValidation_BDTG.weights.xml
<HEADER> DataSetInfo              : [Default] : Added class "Signal"
<HEADER> DataSetInfo              : [Default] : Added class "Background"
                         : Reading weightfile: BDT_run2/weights/TMVACrossValidation_BDTG_fold1.weights.xml
                         : Reading weight file: BDT_run2/weights/TMVACrossValidation_BDTG_fold1.weights.xml
                         : Reading weightfile: BDT_run2/weights/TMVACrossValidation_BDTG_fold2.weights.xml
                         : Reading weight file: BDT_run2/weights/TMVACrossValidation_BDTG_fold2.weights.xml
                         : Reading weightfile: BDT_run2/weights/TMVACrossValidation_BDTG_fold3.weights.xml
                         : Reading weight file: BDT_run2/weights/TMVACrossValidation_BDTG_fold3.weights.xml
                         : Reading weightfile: BDT_run2/weights/TMVACrossValidation_BDTG_fold4.weights.xml
                         : Reading weight file: BDT_run2/weights/TMVACrossValidation_BDTG_fold4.weights.xml
                         : Reading weightfile: BDT_run2/weights/TMVACrossValidation_BDTG_fold5.weights.xml
                         : Reading weight file: BDT_run2/weights/TMVACrossValidation_BDTG_fold5.weights.xml
                         : Booked classifier "BDTG" of type: "CrossValidation"
                         : Booking "BDTG" of type "CrossValidation" from BDT_run3/weights/TMVACrossValidation_BDTG.weights.xml.
                         : Reading weight file: BDT_run3/weights/TMVACrossValidation_BDTG.weights.xml
<HEADER> DataSetInfo              : [Default] : Added class "Signal"
<HEADER> DataSetInfo              : [Default] : Added class "Background"
                         : Reading weightfile: BDT_run3/weights/TMVACrossValidation_BDTG_fold1.weights.xml
                         : Reading weight file: BDT_run3/weights/TMVACrossValidation_BDTG_fold1.weights.xml
                         : Reading weightfile: BDT_run3/weights/TMVACrossValidation_BDTG_fold2.weights.xml
                         : Reading weight file: BDT_run3/weights/TMVACrossValidation_BDTG_fold2.weights.xml
                         : Reading weightfile: BDT_run3/weights/TMVACrossValidation_BDTG_fold3.weights.xml
                         : Reading weight file: BDT_run3/weights/TMVACrossValidation_BDTG_fold3.weights.xml
                         : Reading weightfile: BDT_run3/weights/TMVACrossValidation_BDTG_fold4.weights.xml
                         : Reading weight file: BDT_run3/weights/TMVACrossValidation_BDTG_fold4.weights.xml
                         : Reading weightfile: BDT_run3/weights/TMVACrossValidation_BDTG_fold5.weights.xml
                         : Reading weight file: BDT_run3/weights/TMVACrossValidation_BDTG_fold5.weights.xml
                         : Booked classifier "BDTG" of type: "CrossValidation"
59543 entries to be processed...
                         : Rebuilding Dataset Default
 Fiducial: 16565.37
Filter(1): 4574.00
Filter(2): 598129.38
  anaCode: 22286.43
   presel: 5906.50
   trigWt: 4825.25
     PuWt: 4878.75
   muIDWt: 4954.27
recoCorWt: 4788.83
      BDT: 4509.02
   trigSF: 4232.24
[MUON_lowpt_EFF_RECO_SYS_LOWPT] k=3 isRun3=0
  norm  eps2/eps1=0.41648859797845517  eps3/eps1=0.39023828749416895
  up    eps2/eps1=0.41648859797845517  eps3/eps1=0.39023828749416895
  down  eps2/eps1=0.41648859797845517  eps3/eps1=0.39023828749416895
  rel   eps2/eps1=+0.000%/+0.000%  eps3/eps1=+0.000%/+0.000%
=== MUON_lowpt_EFF_RECO_SYS_LOWPT_up_k3_isRun31_isBs21 ===

200000 entries to be processed...
5020000 entries to be processed...
                         : Booking "BDTG" of type "CrossValidation" from BDT_run2/weights/TMVACrossValidation_BDTG.weights.xml.
                         : Reading weight file: BDT_run2/weights/TMVACrossValidation_BDTG.weights.xml
<HEADER> DataSetInfo              : [Default] : Added class "Signal"
<HEADER> DataSetInfo              : [Default] : Added class "Background"
                         : Reading weightfile: BDT_run2/weights/TMVACrossValidation_BDTG_fold1.weights.xml
                         : Reading weight file: BDT_run2/weights/TMVACrossValidation_BDTG_fold1.weights.xml
                         : Reading weightfile: BDT_run2/weights/TMVACrossValidation_BDTG_fold2.weights.xml
                         : Reading weight file: BDT_run2/weights/TMVACrossValidation_BDTG_fold2.weights.xml
                         : Reading weightfile: BDT_run2/weights/TMVACrossValidation_BDTG_fold3.weights.xml
                         : Reading weight file: BDT_run2/weights/TMVACrossValidation_BDTG_fold3.weights.xml
                         : Reading weightfile: BDT_run2/weights/TMVACrossValidation_BDTG_fold4.weights.xml
                         : Reading weight file: BDT_run2/weights/TMVACrossValidation_BDTG_fold4.weights.xml
                         : Reading weightfile: BDT_run2/weights/TMVACrossValidation_BDTG_fold5.weights.xml
                         : Reading weight file: BDT_run2/weights/TMVACrossValidation_BDTG_fold5.weights.xml
                         : Booked classifier "BDTG" of type: "CrossValidation"
                         : Booking "BDTG" of type "CrossValidation" from BDT_run3/weights/TMVACrossValidation_BDTG.weights.xml.
                         : Reading weight file: BDT_run3/weights/TMVACrossValidation_BDTG.weights.xml
<HEADER> DataSetInfo              : [Default] : Added class "Signal"
<HEADER> DataSetInfo              : [Default] : Added class "Background"
                         : Reading weightfile: BDT_run3/weights/TMVACrossValidation_BDTG_fold1.weights.xml
                         : Reading weight file: BDT_run3/weights/TMVACrossValidation_BDTG_fold1.weights.xml
                         : Reading weightfile: BDT_run3/weights/TMVACrossValidation_BDTG_fold2.weights.xml
                         : Reading weight file: BDT_run3/weights/TMVACrossValidation_BDTG_fold2.weights.xml
                         : Reading weightfile: BDT_run3/weights/TMVACrossValidation_BDTG_fold3.weights.xml
                         : Reading weight file: BDT_run3/weights/TMVACrossValidation_BDTG_fold3.weights.xml
                         : Reading weightfile: BDT_run3/weights/TMVACrossValidation_BDTG_fold4.weights.xml
                         : Reading weight file: BDT_run3/weights/TMVACrossValidation_BDTG_fold4.weights.xml
                         : Reading weightfile: BDT_run3/weights/TMVACrossValidation_BDTG_fold5.weights.xml
                         : Reading weight file: BDT_run3/weights/TMVACrossValidation_BDTG_fold5.weights.xml
                         : Booked classifier "BDTG" of type: "CrossValidation"
254288 entries to be processed...
                         : Rebuilding Dataset Default
 Fiducial: 23610.89, 10232.54
Filter(1): 6805.84, 2863.12
Filter(2): 1935445.88, 828212.44
  anaCode: 74937.45, 32265.78
   presel: 17903.83, 7649.59
   trigWt: 15042.90, 6430.44
     PuWt: 15188.91, 6472.78
   muIDWt: 15092.21, 6428.30
recoCorWt: 15385.93, 6612.62
      BDT: 14536.63, 6208.20
   trigSF: 14476.33, 6189.20
=== MUON_lowpt_EFF_RECO_SYS_LOWPT_up_k3_isRun31_isBs20 ===

100000 entries to be processed...
1440000 entries to be processed...
                         : Booking "BDTG" of type "CrossValidation" from BDT_run2/weights/TMVACrossValidation_BDTG.weights.xml.
                         : Reading weight file: BDT_run2/weights/TMVACrossValidation_BDTG.weights.xml
<HEADER> DataSetInfo              : [Default] : Added class "Signal"
<HEADER> DataSetInfo              : [Default] : Added class "Background"
                         : Reading weightfile: BDT_run2/weights/TMVACrossValidation_BDTG_fold1.weights.xml
                         : Reading weight file: BDT_run2/weights/TMVACrossValidation_BDTG_fold1.weights.xml
                         : Reading weightfile: BDT_run2/weights/TMVACrossValidation_BDTG_fold2.weights.xml
                         : Reading weight file: BDT_run2/weights/TMVACrossValidation_BDTG_fold2.weights.xml
                         : Reading weightfile: BDT_run2/weights/TMVACrossValidation_BDTG_fold3.weights.xml
                         : Reading weight file: BDT_run2/weights/TMVACrossValidation_BDTG_fold3.weights.xml
                         : Reading weightfile: BDT_run2/weights/TMVACrossValidation_BDTG_fold4.weights.xml
                         : Reading weight file: BDT_run2/weights/TMVACrossValidation_BDTG_fold4.weights.xml
                         : Reading weightfile: BDT_run2/weights/TMVACrossValidation_BDTG_fold5.weights.xml
                         : Reading weight file: BDT_run2/weights/TMVACrossValidation_BDTG_fold5.weights.xml
                         : Booked classifier "BDTG" of type: "CrossValidation"
                         : Booking "BDTG" of type "CrossValidation" from BDT_run3/weights/TMVACrossValidation_BDTG.weights.xml.
                         : Reading weight file: BDT_run3/weights/TMVACrossValidation_BDTG.weights.xml
<HEADER> DataSetInfo              : [Default] : Added class "Signal"
<HEADER> DataSetInfo              : [Default] : Added class "Background"
                         : Reading weightfile: BDT_run3/weights/TMVACrossValidation_BDTG_fold1.weights.xml
                         : Reading weight file: BDT_run3/weights/TMVACrossValidation_BDTG_fold1.weights.xml
                         : Reading weightfile: BDT_run3/weights/TMVACrossValidation_BDTG_fold2.weights.xml
                         : Reading weight file: BDT_run3/weights/TMVACrossValidation_BDTG_fold2.weights.xml
                         : Reading weightfile: BDT_run3/weights/TMVACrossValidation_BDTG_fold3.weights.xml
                         : Reading weight file: BDT_run3/weights/TMVACrossValidation_BDTG_fold3.weights.xml
                         : Reading weightfile: BDT_run3/weights/TMVACrossValidation_BDTG_fold4.weights.xml
                         : Reading weight file: BDT_run3/weights/TMVACrossValidation_BDTG_fold4.weights.xml
                         : Reading weightfile: BDT_run3/weights/TMVACrossValidation_BDTG_fold5.weights.xml
                         : Reading weight file: BDT_run3/weights/TMVACrossValidation_BDTG_fold5.weights.xml
                         : Booked classifier "BDTG" of type: "CrossValidation"
72974 entries to be processed...
                         : Rebuilding Dataset Default
 Fiducial: 16615.79
Filter(1): 4867.88
Filter(2): 792907.12
  anaCode: 30322.86
   presel: 7234.55
   trigWt: 6106.08
     PuWt: 6259.63
   muIDWt: 6213.68
recoCorWt: 6427.76
      BDT: 6004.91
   trigSF: 5998.20
=== MUON_lowpt_EFF_RECO_SYS_LOWPT_dn_k3_isRun31_isBs21 ===

200000 entries to be processed...
5020000 entries to be processed...
                         : Booking "BDTG" of type "CrossValidation" from BDT_run2/weights/TMVACrossValidation_BDTG.weights.xml.
                         : Reading weight file: BDT_run2/weights/TMVACrossValidation_BDTG.weights.xml
<HEADER> DataSetInfo              : [Default] : Added class "Signal"
<HEADER> DataSetInfo              : [Default] : Added class "Background"
                         : Reading weightfile: BDT_run2/weights/TMVACrossValidation_BDTG_fold1.weights.xml
                         : Reading weight file: BDT_run2/weights/TMVACrossValidation_BDTG_fold1.weights.xml
                         : Reading weightfile: BDT_run2/weights/TMVACrossValidation_BDTG_fold2.weights.xml
                         : Reading weight file: BDT_run2/weights/TMVACrossValidation_BDTG_fold2.weights.xml
                         : Reading weightfile: BDT_run2/weights/TMVACrossValidation_BDTG_fold3.weights.xml
                         : Reading weight file: BDT_run2/weights/TMVACrossValidation_BDTG_fold3.weights.xml
                         : Reading weightfile: BDT_run2/weights/TMVACrossValidation_BDTG_fold4.weights.xml
                         : Reading weight file: BDT_run2/weights/TMVACrossValidation_BDTG_fold4.weights.xml
                         : Reading weightfile: BDT_run2/weights/TMVACrossValidation_BDTG_fold5.weights.xml
                         : Reading weight file: BDT_run2/weights/TMVACrossValidation_BDTG_fold5.weights.xml
                         : Booked classifier "BDTG" of type: "CrossValidation"
                         : Booking "BDTG" of type "CrossValidation" from BDT_run3/weights/TMVACrossValidation_BDTG.weights.xml.
                         : Reading weight file: BDT_run3/weights/TMVACrossValidation_BDTG.weights.xml
<HEADER> DataSetInfo              : [Default] : Added class "Signal"
<HEADER> DataSetInfo              : [Default] : Added class "Background"
                         : Reading weightfile: BDT_run3/weights/TMVACrossValidation_BDTG_fold1.weights.xml
                         : Reading weight file: BDT_run3/weights/TMVACrossValidation_BDTG_fold1.weights.xml
                         : Reading weightfile: BDT_run3/weights/TMVACrossValidation_BDTG_fold2.weights.xml
                         : Reading weight file: BDT_run3/weights/TMVACrossValidation_BDTG_fold2.weights.xml
                         : Reading weightfile: BDT_run3/weights/TMVACrossValidation_BDTG_fold3.weights.xml
                         : Reading weight file: BDT_run3/weights/TMVACrossValidation_BDTG_fold3.weights.xml
                         : Reading weightfile: BDT_run3/weights/TMVACrossValidation_BDTG_fold4.weights.xml
                         : Reading weight file: BDT_run3/weights/TMVACrossValidation_BDTG_fold4.weights.xml
                         : Reading weightfile: BDT_run3/weights/TMVACrossValidation_BDTG_fold5.weights.xml
                         : Reading weight file: BDT_run3/weights/TMVACrossValidation_BDTG_fold5.weights.xml
                         : Booked classifier "BDTG" of type: "CrossValidation"
254288 entries to be processed...
                         : Rebuilding Dataset Default
 Fiducial: 23610.89, 10232.54
Filter(1): 6805.84, 2863.12
Filter(2): 1935445.88, 828212.44
  anaCode: 74937.45, 32265.78
   presel: 17903.83, 7649.59
   trigWt: 15042.90, 6430.44
     PuWt: 15188.91, 6472.78
   muIDWt: 14768.35, 6293.66
recoCorWt: 15113.85, 6498.80
      BDT: 14285.54, 6103.13
   trigSF: 14223.70, 6083.66
=== MUON_lowpt_EFF_RECO_SYS_LOWPT_dn_k3_isRun31_isBs20 ===

100000 entries to be processed...
1440000 entries to be processed...
                         : Booking "BDTG" of type "CrossValidation" from BDT_run2/weights/TMVACrossValidation_BDTG.weights.xml.
                         : Reading weight file: BDT_run2/weights/TMVACrossValidation_BDTG.weights.xml
<HEADER> DataSetInfo              : [Default] : Added class "Signal"
<HEADER> DataSetInfo              : [Default] : Added class "Background"
                         : Reading weightfile: BDT_run2/weights/TMVACrossValidation_BDTG_fold1.weights.xml
                         : Reading weight file: BDT_run2/weights/TMVACrossValidation_BDTG_fold1.weights.xml
                         : Reading weightfile: BDT_run2/weights/TMVACrossValidation_BDTG_fold2.weights.xml
                         : Reading weight file: BDT_run2/weights/TMVACrossValidation_BDTG_fold2.weights.xml
                         : Reading weightfile: BDT_run2/weights/TMVACrossValidation_BDTG_fold3.weights.xml
                         : Reading weight file: BDT_run2/weights/TMVACrossValidation_BDTG_fold3.weights.xml
                         : Reading weightfile: BDT_run2/weights/TMVACrossValidation_BDTG_fold4.weights.xml
                         : Reading weight file: BDT_run2/weights/TMVACrossValidation_BDTG_fold4.weights.xml
                         : Reading weightfile: BDT_run2/weights/TMVACrossValidation_BDTG_fold5.weights.xml
                         : Reading weight file: BDT_run2/weights/TMVACrossValidation_BDTG_fold5.weights.xml
                         : Booked classifier "BDTG" of type: "CrossValidation"
                         : Booking "BDTG" of type "CrossValidation" from BDT_run3/weights/TMVACrossValidation_BDTG.weights.xml.
                         : Reading weight file: BDT_run3/weights/TMVACrossValidation_BDTG.weights.xml
<HEADER> DataSetInfo              : [Default] : Added class "Signal"
<HEADER> DataSetInfo              : [Default] : Added class "Background"
                         : Reading weightfile: BDT_run3/weights/TMVACrossValidation_BDTG_fold1.weights.xml
                         : Reading weight file: BDT_run3/weights/TMVACrossValidation_BDTG_fold1.weights.xml
                         : Reading weightfile: BDT_run3/weights/TMVACrossValidation_BDTG_fold2.weights.xml
                         : Reading weight file: BDT_run3/weights/TMVACrossValidation_BDTG_fold2.weights.xml
                         : Reading weightfile: BDT_run3/weights/TMVACrossValidation_BDTG_fold3.weights.xml
                         : Reading weight file: BDT_run3/weights/TMVACrossValidation_BDTG_fold3.weights.xml
                         : Reading weightfile: BDT_run3/weights/TMVACrossValidation_BDTG_fold4.weights.xml
                         : Reading weight file: BDT_run3/weights/TMVACrossValidation_BDTG_fold4.weights.xml
                         : Reading weightfile: BDT_run3/weights/TMVACrossValidation_BDTG_fold5.weights.xml
                         : Reading weight file: BDT_run3/weights/TMVACrossValidation_BDTG_fold5.weights.xml
                         : Booked classifier "BDTG" of type: "CrossValidation"
72974 entries to be processed...
                         : Rebuilding Dataset Default
 Fiducial: 16615.79
Filter(1): 4867.88
Filter(2): 792907.12
  anaCode: 30322.86
   presel: 7234.55
   trigWt: 6106.08
     PuWt: 6259.63
   muIDWt: 6094.34
recoCorWt: 6320.46
      BDT: 5909.57
   trigSF: 5902.46
[MUON_lowpt_EFF_RECO_SYS_LOWPT] k=3 isRun3=1
  norm  eps2/eps1=0.4271498914714912  eps3/eps1=0.41338189822190885
  up    eps2/eps1=0.4270728497595385  eps3/eps1=0.4130881779339503
  down  eps2/eps1=0.42722431213660805  eps3/eps1=0.41367494683435135
  rel   eps2/eps1=-0.018%/+0.017%  eps3/eps1=-0.071%/+0.071%
